Data Source,World Development Indicators,,,,,,,,,,,,,,,,,,,,,,,,,,,,,,,,,,,,,,,,,,,,,,,,,,,,,,,,,,,
,,,,,,,,,,,,,,,,,,,,,,,,,,,,,,,,,,,,,,,,,,,,,,,,,,,,,,,,,,,,
Last Updated Date,3/23/2017,,,,,,,,,,,,,,,,,,,,,,,,,,,,,,,,,,,,,,,,,,,,,,,,,,,,,,,,,,,
,,,,,,,,,,,,,,,,,,,,,,,,,,,,,,,,,,,,,,,,,,,,,,,,,,,,,,,,,,,,
Country Name,Country Code,Indicator Name,Indicator Code,1960,1961,1962,1963,1964,1965,1966,1967,1968,1969,1970,1971,1972,1973,1974,1975,1976,1977,1978,1979,1980,1981,1982,1983,1984,1985,1986,1987,1988,1989,1990,1991,1992,1993,1994,1995,1996,1997,1998,1999,2000,2001,2002,2003,2004,2005,2006,2007,2008,2009,2010,2011,2012,2013,2014,2015,2016
Aruba,ABW,Improved sanitation facilities (% of population with access),SH.STA.ACSN,,,,,,,,,,,,,,,,,,,,,,,,,,,,,,,98.6,98.6,98.5,98.5,98.4,98.4,98.3,98.3,98.3,98.2,98.2,98.1,98.1,98,98,98,97.9,97.9,97.8,97.8,97.7,97.7,97.7,97.7,97.7,97.7,
Afghanistan,AFG,Improved sanitation facilities (% of population with access),SH.STA.ACSN,,,,,,,,,,,,,,,,,,,,,,,,,,,,,,,,20.5,20.5,20.5,20.6,20.6,21.1,21.7,22.2,22.8,23.4,23.9,24.5,25.1,25.7,26.3,26.9,27.4,28,28.7,29.3,29.9,30.5,31.1,31.8,31.9,
Angola,AGO,Improved sanitation facilities (% of population with access),SH.STA.ACSN,,,,,,,,,,,,,,,,,,,,,,,,,,,,,,,22.4,22.8,23.1,23.5,24.2,25.5,26.8,28.1,29.4,30.8,32.1,33.5,34.8,36.2,37.6,39,40.4,41.8,43.3,44.7,46.2,47.6,49.1,50.6,51.1,51.6,
Albania,ALB,Improved sanitation facilities (% of population with access),SH.STA.ACSN,,,,,,,,,,,,,,,,,,,,,,,,,,,,,,,78.1,78.2,78.3,78.4,78.6,79.4,80.2,81,81.8,82.6,83.4,84.2,85,85.8,86.6,87.4,88.1,88.9,89.6,90.2,90.9,91.5,92.1,92.7,93.2,93.2,
Andorra,AND,Improved sanitation facilities (% of population with access),SH.STA.ACSN,,,,,,,,,,,,,,,,,,,,,,,,,,,,,,,100,100,100,100,100,100,100,100,100,100,100,100,100,100,100,100,100,100,100,100,100,100,100,100,100,100,
Arab World,ARB,Improved sanitation facilities (% of population with access),SH.STA.ACSN,,,,,,,,,,,,,,,,,,,,,,,,,,,,,,,66.85304077,68.01344521,68.25387424,67.52062596,68.0897668,68.86199824,69.45480493,70.14723536,70.93018926,71.57365691,72.21591729,72.89051251,73.50609503,74.1406585,74.80832438,75.49682258,76.15608182,76.79558312,77.44962668,77.9956486,78.32600285,78.67771626,80.4677788,82.71170531,82.74479349,90.33030736,
United Arab Emirates,ARE,Improved sanitation facilities (% of population with access),SH.STA.ACSN,,,,,,,,,,,,,,,,,,,,,,,,,,,,,,,97.4,97.4,97.4,97.4,97.4,97.4,97.4,97.4,97.4,97.4,97.4,97.4,97.4,97.4,97.5,97.5,97.5,97.5,97.5,97.5,97.5,97.5,97.5,97.5,97.5,97.6,
Argentina,ARG,Improved sanitation facilities (% of population with access),SH.STA.ACSN,,,,,,,,,,,,,,,,,,,,,,,,,,,,,,,87.4,87.9,88.3,88.7,89.1,89.5,89.9,90.2,90.6,91,91.4,91.7,92.1,92.5,92.8,93.2,93.5,93.9,94.2,94.5,94.9,95.2,95.5,95.8,96.1,96.4,
Armenia,ARM,Improved sanitation facilities (% of population with access),SH.STA.ACSN,,,,,,,,,,,,,,,,,,,,,,,,,,,,,,,,,89.6,89.5,89.5,89.4,89.4,89.4,89.4,89.4,89.3,89.3,89.3,89.4,89.4,89.4,89.5,89.5,89.5,89.5,89.5,89.5,89.5,89.5,89.5,89.5,
American Samoa,ASM,Improved sanitation facilities (% of population with access),SH.STA.ACSN,,,,,,,,,,,,,,,,,,,,,,,,,,,,,,,61,61,61,61,61.1,61.1,61.2,61.3,61.4,61.5,61.5,61.6,61.7,61.8,61.8,61.9,62,62.1,62.1,62.2,62.3,62.4,62.5,62.5,62.5,62.5,
Antigua and Barbuda,ATG,Improved sanitation facilities (% of population with access),SH.STA.ACSN,,,,,,,,,,,,,,,,,,,,,,,,,,,,,,,74.7,75.7,76.7,77.7,78.7,79.6,80.6,81.6,82.6,83.6,84.6,85.5,86.5,87.5,88.5,89.5,90.4,91.4,91.4,91.4,91.4,91.4,,,,,
Australia,AUS,Improved sanitation facilities (% of population with access),SH.STA.ACSN,,,,,,,,,,,,,,,,,,,,,,,,,,,,,,,100,100,100,100,100,100,100,100,100,100,100,100,100,100,100,100,100,100,100,100,100,100,100,100,100,100,
Austria,AUT,Improved sanitation facilities (% of population with access),SH.STA.ACSN,,,,,,,,,,,,,,,,,,,,,,,,,,,,,,,100,100,100,100,100,100,100,100,100,100,100,100,100,100,100,100,100,100,100,100,100,100,100,100,100,100,
Azerbaijan,AZE,Improved sanitation facilities (% of population with access),SH.STA.ACSN,,,,,,,,,,,,,,,,,,,,,,,,,,,,,,,,,,,62.7,62.7,62.6,62.5,62.4,64,65.6,67.2,68.8,70.5,72.1,73.7,75.3,76.8,78.4,80,81.6,83.2,84.7,86.3,87.9,89.3,
Burundi,BDI,Improved sanitation facilities (% of population with access),SH.STA.ACSN,,,,,,,,,,,,,,,,,,,,,,,,,,,,,,,41.7,42,42.2,42.5,42.7,43,43.3,43.5,43.8,44,44.3,44.6,44.8,45.1,45.3,45.6,45.9,46.1,46.4,46.7,46.9,47.2,47.5,47.8,48,48,
Belgium,BEL,Improved sanitation facilities (% of population with access),SH.STA.ACSN,,,,,,,,,,,,,,,,,,,,,,,,,,,,,,,99.5,99.5,99.5,99.5,99.5,99.5,99.5,99.5,99.5,99.5,99.5,99.5,99.5,99.5,99.5,99.5,99.5,99.5,99.5,99.5,99.5,99.5,99.5,99.5,99.5,99.5,
Benin,BEN,Improved sanitation facilities (% of population with access),SH.STA.ACSN,,,,,,,,,,,,,,,,,,,,,,,,,,,,,,,6.8,7.3,7.9,8.4,8.9,9.4,9.9,10.4,10.9,11.4,11.9,12.4,12.9,13.4,14,14.5,15.1,15.6,16.2,16.7,17.3,17.8,18.4,19,19.6,19.7,
Burkina Faso,BFA,Improved sanitation facilities (% of population with access),SH.STA.ACSN,,,,,,,,,,,,,,,,,,,,,,,,,,,,,,,7.7,7.8,8.2,8.5,8.9,9.2,9.6,10,10.5,11,11.6,12.1,12.7,13.2,13.8,14.4,15,15.6,16.2,16.8,17.4,18,18.6,19,19.4,19.7,
Bangladesh,BGD,Improved sanitation facilities (% of population with access),SH.STA.ACSN,,,,,,,,,,,,,,,,,,,,,,,,,,,,,,,34.4,35.6,36.7,37.8,38.9,40,41.1,42.2,43.3,44.3,45.4,46.5,47.6,48.6,49.7,50.7,51.8,52.8,53.8,54.8,55.8,56.8,57.7,58.7,59.6,60.6,
Bulgaria,BGR,Improved sanitation facilities (% of population with access),SH.STA.ACSN,,,,,,,,,,,,,,,,,,,,,,,,,,,,,,,85.3,85.3,85.4,85.4,85.4,85.5,85.5,85.5,85.6,85.6,85.6,85.7,85.8,85.8,85.8,85.9,85.9,85.9,85.9,85.9,85.9,85.9,86,86,86,86,
Bahrain,BHR,Improved sanitation facilities (% of population with access),SH.STA.ACSN,,,,,,,,,,,,,,,,,,,,,,,,,,,,,,,99,99,99,99,99,99.1,99.1,99.1,99.1,99.1,99.1,99.2,99.2,99.2,99.2,99.2,99.2,99.2,99.2,99.2,99.2,99.2,99.2,99.2,99.2,99.2,
"Bahamas, The",BHS,Improved sanitation facilities (% of population with access),SH.STA.ACSN,,,,,,,,,,,,,,,,,,,,,,,,,,,,,,,,,,,88,88,88,88,88,88.3,88.6,88.9,89.2,89.4,89.7,90,90.3,90.6,90.9,91.2,91.4,91.7,92,92,92,92,
Bosnia and Herzegovina,BIH,Improved sanitation facilities (% of population with access),SH.STA.ACSN,,,,,,,,,,,,,,,,,,,,,,,,,,,,,,,,,,,95,95,95,95,95,94.9,94.9,94.9,94.9,94.9,94.9,94.9,94.8,94.8,94.8,94.8,94.8,94.8,94.8,94.8,94.8,94.8,
Belarus,BLR,Improved sanitation facilities (% of population with access),SH.STA.ACSN,,,,,,,,,,,,,,,,,,,,,,,,,,,,,,,95.1,95.1,95.1,95,95,95,95,95,94.9,94.9,94.8,94.8,94.8,94.7,94.7,94.6,94.6,94.6,94.5,94.5,94.5,94.4,94.4,94.4,94.3,94.3,
Belize,BLZ,Improved sanitation facilities (% of population with access),SH.STA.ACSN,,,,,,,,,,,,,,,,,,,,,,,,,,,,,,,75.9,76.6,77.3,77.9,78.6,79.3,80,80.6,81.3,82,82.7,83.3,84,84.6,85.3,86,86.6,87.3,87.9,88.6,89.2,89.9,90.2,90.6,90.5,90.5,
Bermuda,BMU,Improved sanitation facilities (% of population with access),SH.STA.ACSN,,,,,,,,,,,,,,,,,,,,,,,,,,,,,,,,,,,,,,,,,,,,,,,,,,,,,,,,,
Bolivia,BOL,Improved sanitation facilities (% of population with access),SH.STA.ACSN,,,,,,,,,,,,,,,,,,,,,,,,,,,,,,,28.4,29.4,30.4,31.4,32.3,33.2,34.1,35,35.9,36.8,37.7,38.6,39.5,40.4,41.3,42.2,43.1,44,44.9,45.8,46.7,47.5,48.4,49.3,50.2,50.3,
Brazil,BRA,Improved sanitation facilities (% of population with access),SH.STA.ACSN,,,,,,,,,,,,,,,,,,,,,,,,,,,,,,,66.6,67.5,68.3,69.1,70,70.8,71.5,72.4,73.1,73.9,74.7,75.3,75.9,76.5,77.1,77.7,78.2,78.8,79.4,79.9,80.5,81.1,81.6,82.1,82.7,82.8,
Barbados,BRB,Improved sanitation facilities (% of population with access),SH.STA.ACSN,,,,,,,,,,,,,,,,,,,,,,,,,,,,,,,80,80.7,81.3,82,82.7,83.4,84,84.7,85.4,86.1,86.8,87.4,88.1,88.8,89.5,90.1,90.8,91.5,92.2,92.8,93.5,94.2,94.9,95.5,96.2,96.2,
Brunei Darussalam,BRN,Improved sanitation facilities (% of population with access),SH.STA.ACSN,,,,,,,,,,,,,,,,,,,,,,,,,,,,,,,,,,,,,,,,,,,,,,,,,,,,,,,,,
Bhutan,BTN,Improved sanitation facilities (% of population with access),SH.STA.ACSN,,,,,,,,,,,,,,,,,,,,,,,,,,,,,,,18.9,19.2,19.4,20.8,22.2,23.6,25,26.4,27.9,29.4,31,32.5,34.1,35.7,37.4,39,40.5,42.1,43.6,45.2,46.8,48.3,49.4,49.7,50.1,50.4,
Botswana,BWA,Improved sanitation facilities (% of population with access),SH.STA.ACSN,,,,,,,,,,,,,,,,,,,,,,,,,,,,,,,39.3,41.4,42.7,43.8,44.9,46.1,47.2,48.3,49.4,50.5,51.6,52.7,53.7,54.5,55.4,56.3,57.2,58,58.9,59.8,60.6,61.5,62.4,63.3,63.3,63.4,
Central African Republic,CAF,Improved sanitation facilities (% of population with access),SH.STA.ACSN,,,,,,,,,,,,,,,,,,,,,,,,,,,,,,,14.6,14.6,14.6,15,15.3,15.6,15.9,16.2,16.5,16.9,17.2,17.5,17.8,18.2,18.5,18.9,19.2,19.6,19.9,20.3,20.7,21.1,21.5,21.6,21.7,21.8,
Canada,CAN,Improved sanitation facilities (% of population with access),SH.STA.ACSN,,,,,,,,,,,,,,,,,,,,,,,,,,,,,,,99.8,99.8,99.8,99.8,99.8,99.8,99.8,99.8,99.8,99.8,99.8,99.8,99.8,99.8,99.8,99.8,99.8,99.8,99.8,99.8,99.8,99.8,99.8,99.8,99.8,99.8,
Central Europe and the Baltics,CEB,Improved sanitation facilities (% of population with access),SH.STA.ACSN,,,,,,,,,,,,,,,,,,,,,,,,,,,,,,,,,,,,,87.38359135,87.34774015,87.42808655,87.51068523,87.57675168,87.97712591,88.36829713,88.74219239,89.10722468,89.49054873,89.83846587,90.27962652,90.68595625,91.07132384,91.4812205,91.84515755,92.21929988,92.60132148,92.96811623,93.01635786,
Switzerland,CHE,Improved sanitation facilities (% of population with access),SH.STA.ACSN,,,,,,,,,,,,,,,,,,,,,,,,,,,,,,,99.9,99.9,99.9,99.9,99.9,99.9,99.9,99.9,99.9,99.9,99.9,99.9,99.9,99.9,99.9,99.9,99.9,99.9,99.9,99.9,99.9,99.9,99.9,99.9,99.9,99.9,
Channel Islands,CHI,Improved sanitation facilities (% of population with access),SH.STA.ACSN,,,,,,,,,,,,,,,,,,,,,,,,,,,,,,,,,,,,,,,,,,,,,,,,,,,,,,,,,
Chile,CHL,Improved sanitation facilities (% of population with access),SH.STA.ACSN,,,,,,,,,,,,,,,,,,,,,,,,,,,,,,,84.8,85.5,86.2,86.9,87.6,88.3,89,89.7,90.3,91,91.7,92.3,92.9,93.6,94.2,94.8,95.4,96,96.6,97.1,97.7,98.3,98.8,99,99,99.1,
China,CHN,Improved sanitation facilities (% of population with access),SH.STA.ACSN,,,,,,,,,,,,,,,,,,,,,,,,,,,,,,,47.5,48.6,49.8,50.9,52,53.2,54.3,55.4,56.6,57.7,58.8,60,61.2,62.4,63.7,64.9,66.1,67.2,68.4,69.6,70.8,71.9,73.1,74.2,75.4,76.5,
Cote d'Ivoire,CIV,Improved sanitation facilities (% of population with access),SH.STA.ACSN,,,,,,,,,,,,,,,,,,,,,,,,,,,,,,,14.9,15.2,15.4,15.7,15.9,16.2,16.4,16.7,17,17.3,17.6,17.9,18.2,18.6,18.9,19.2,19.5,19.9,20.2,20.6,20.9,21.3,21.6,22,22.3,22.5,
Cameroon,CMR,Improved sanitation facilities (% of population with access),SH.STA.ACSN,,,,,,,,,,,,,,,,,,,,,,,,,,,,,,,39.9,40.1,40.3,40.6,40.8,41,41.3,41.5,41.7,42,42.2,42.4,42.7,42.9,43.2,43.4,43.7,43.9,44.2,44.4,44.7,44.9,45.2,45.4,45.6,45.8,
"Congo, Dem. Rep.",COD,Improved sanitation facilities (% of population with access),SH.STA.ACSN,,,,,,,,,,,,,,,,,,,,,,,,,,,,,,,19.2,19.2,19.3,19.4,19.9,20.3,20.8,21.3,21.8,22.2,22.7,23.1,23.5,24,24.4,24.8,25.2,25.6,26,26.4,26.8,27.2,27.6,27.9,28.3,28.7,
"Congo, Rep.",COG,Improved sanitation facilities (% of population with access),SH.STA.ACSN,,,,,,,,,,,,,,,,,,,,,,,,,,,,,,,,,,,,,,12.5,12.6,12.6,12.7,12.8,12.9,13.1,13.2,13.4,13.6,13.7,13.9,14.1,14.3,14.4,14.6,14.8,14.9,15,
Colombia,COL,Improved sanitation facilities (% of population with access),SH.STA.ACSN,,,,,,,,,,,,,,,,,,,,,,,,,,,,,,,69,69.6,70.2,70.9,71.5,72,72.5,73.1,73.6,74.1,74.6,75.1,75.6,76.1,76.6,77.1,77.5,78,78.4,78.9,79.3,79.8,80.2,80.6,81.1,81.1,
Comoros,COM,Improved sanitation facilities (% of population with access),SH.STA.ACSN,,,,,,,,,,,,,,,,,,,,,,,,,,,,,,,18.2,18.9,19.5,20,20.5,21.3,22.1,22.8,23.6,24.3,25.1,25.8,26.6,27.4,28.1,28.9,29.6,30.4,31.2,31.9,32.7,33.5,34.2,35,35.8,35.8,
Cabo Verde,CPV,Improved sanitation facilities (% of population with access),SH.STA.ACSN,,,,,,,,,,,,,,,,,,,,,,,,,,,,,,,,,33.5,33.9,34.2,34.6,35,37.1,39.3,41.5,43.6,45.7,47.8,49.9,52,54,56.1,58.1,60.2,62.2,64.2,66.2,68.1,70.1,72,72.2,
Costa Rica,CRI,Improved sanitation facilities (% of population with access),SH.STA.ACSN,,,,,,,,,,,,,,,,,,,,,,,,,,,,,,,88.4,88.7,89.1,89.4,89.7,90,90.3,90.6,90.9,91.2,91.4,91.7,92,92.3,92.6,92.8,93,93.3,93.5,93.7,93.9,94.1,94.3,94.5,94.5,94.5,
Caribbean small states,CSS,Improved sanitation facilities (% of population with access),SH.STA.ACSN,,,,,,,,,,,,,,,,,,,,,,,,,,,,,,,81.37014938,81.55168488,81.78150246,82.00988377,82.39869561,82.61023378,82.75508368,82.94085444,83.11823427,83.31178843,83.50622156,83.70686133,83.90219199,84.11264779,84.27655976,84.47146773,84.65013831,84.84903878,85.2103305,85.39876779,85.56984408,85.72129154,85.7621698,85.86375125,85.91084449,85.93054479,
Cuba,CUB,Improved sanitation facilities (% of population with access),SH.STA.ACSN,,,,,,,,,,,,,,,,,,,,,,,,,,,,,,,81.5,82,82.6,83.1,83.6,84.1,84.6,85.2,85.7,86.2,86.7,87.2,87.7,88.3,88.7,89.2,89.7,90.2,90.7,91.2,91.7,92.2,92.7,93.1,93.2,93.2,
Curacao,CUW,Improved sanitation facilities (% of population with access),SH.STA.ACSN,,,,,,,,,,,,,,,,,,,,,,,,,,,,,,,,,,,,,,,,,,,,,,,,,,,,,,,,,
Cayman Islands,CYM,Improved sanitation facilities (% of population with access),SH.STA.ACSN,,,,,,,,,,,,,,,,,,,,,,,,,,,,,,,95.6,95.5,95.5,95.6,95.5,95.6,95.6,95.5,95.6,95.5,95.5,95.6,95.5,95.5,95.6,95.5,95.6,95.6,95.5,95.6,95.6,95.6,95.6,95.6,95.5,95.6,
Cyprus,CYP,Improved sanitation facilities (% of population with access),SH.STA.ACSN,,,,,,,,,,,,,,,,,,,,,,,,,,,,,,,100,100,100,100,100,100,100,100,100,100,100,100,100,100,100,100,100,100,100,100,100,100,100,100,100,100,
Czech Republic,CZE,Improved sanitation facilities (% of population with access),SH.STA.ACSN,,,,,,,,,,,,,,,,,,,,,,,,,,,,,,,99.1,99.1,99.1,99.1,99.1,99.1,99.1,99.1,99.1,99.1,99.1,99.1,99.1,99.1,99.1,99.1,99.1,99.1,99.1,99.1,99.1,99.1,99.1,99.1,99.1,99.1,
Germany,DEU,Improved sanitation facilities (% of population with access),SH.STA.ACSN,,,,,,,,,,,,,,,,,,,,,,,,,,,,,,,99.2,99.2,99.2,99.2,99.2,99.2,99.2,99.2,99.2,99.2,99.2,99.2,99.2,99.2,99.2,99.2,99.2,99.2,99.2,99.2,99.2,99.2,99.2,99.2,99.2,99.2,
Djibouti,DJI,Improved sanitation facilities (% of population with access),SH.STA.ACSN,,,,,,,,,,,,,,,,,,,,,,,,,,,,,,,66.1,66.2,66.2,66.2,66.2,65.1,64,62.9,61.7,60.6,59.5,58.4,57.3,56.1,55,53.9,52.8,51.7,50.6,49.5,48.4,47.3,47.3,47.3,47.4,47.4,
Dominica,DMA,Improved sanitation facilities (% of population with access),SH.STA.ACSN,,,,,,,,,,,,,,,,,,,,,,,,,,,,,,,,,,,,81.1,81.1,81.1,81.1,81.1,81.1,81.1,81.1,81.1,81.1,81.1,81.1,81.1,,,,,,,,,
Denmark,DNK,Improved sanitation facilities (% of population with access),SH.STA.ACSN,,,,,,,,,,,,,,,,,,,,,,,,,,,,,,,99.6,99.6,99.6,99.6,99.6,99.6,99.6,99.6,99.6,99.6,99.6,99.6,99.6,99.6,99.6,99.6,99.6,99.6,99.6,99.6,99.6,99.6,99.6,99.6,99.6,99.6,
Dominican Republic,DOM,Improved sanitation facilities (% of population with access),SH.STA.ACSN,,,,,,,,,,,,,,,,,,,,,,,,,,,,,,,73,73.4,73.8,74.2,74.7,75.2,75.6,76.1,76.6,77,77.5,77.9,78.4,78.9,79.4,79.9,80.4,80.8,81.3,81.7,82.1,82.5,82.9,83.3,83.6,84,
Algeria,DZA,Improved sanitation facilities (% of population with access),SH.STA.ACSN,,,,,,,,,,,,,,,,,,,,,,,,,,,,,,,80.3,80.5,80.7,80.9,81.3,81.7,82.1,82.5,82.9,83.3,83.6,84,84.3,84.7,85,85.3,85.6,85.8,86.1,86.4,86.6,86.8,87,87.2,87.4,87.6,
East Asia & Pacific (excluding high income),EAP,Improved sanitation facilities (% of population with access),SH.STA.ACSN,,,,,,,,,,,,,,,,,,,,,,,,,,,,,,,47.53390268,48.74098392,49.89256231,50.92007446,51.87265931,52.96054698,54.04283801,55.14661176,56.31858594,57.43037779,58.53054874,59.68714306,60.85172088,62.00528095,63.21663296,64.35351649,65.48719862,66.54198094,67.66757495,68.7751628,69.88951589,70.92512224,72.0046365,72.97723497,74.01161107,74.89025518,
Early-demographic dividend,EAR,Improved sanitation facilities (% of population with access),SH.STA.ACSN,,,,,,,,,,,,,,,,,,,,,,,,,,,,,,,34.85382228,35.70724306,36.45501886,37.39210704,38.3220369,39.24353986,40.15740371,41.16010015,42.1494609,43.09762826,44.08964503,45.0646787,46.03690091,47.0093511,47.97213065,48.93795126,49.90876141,50.85108288,51.81719286,52.75909633,53.65007247,54.54817539,55.43584655,56.31509459,57.15566211,57.51564402,
East Asia & Pacific,EAS,Improved sanitation facilities (% of population with access),SH.STA.ACSN,,,,,,,,,,,,,,,,,,,,,,,,,,,,,,,53.23378112,54.13374003,55.0601566,55.94671914,56.76002277,57.70981765,58.65693279,59.62389956,60.65461582,61.63130029,62.60242968,63.63046638,64.66479408,65.68931435,66.76493149,67.77487097,68.78817036,69.73109124,70.74462354,71.73874766,72.73808118,73.6647722,74.63127948,75.50142388,76.42777842,77.21379085,
Europe & Central Asia (excluding high income),ECA,Improved sanitation facilities (% of population with access),SH.STA.ACSN,,,,,,,,,,,,,,,,,,,,,,,,,,,,,,,78.84251616,78.97180704,79.16639165,79.42588673,81.20984187,81.36599329,81.52777389,81.66758311,81.85493574,82.08319354,82.36953302,82.57705226,82.84276283,83.13898998,83.40335148,83.69073889,83.93576047,84.49967443,84.69524739,84.91192673,85.12488393,85.32940522,85.49743473,85.68139734,85.88076519,86.03670883,
Europe & Central Asia,ECS,Improved sanitation facilities (% of population with access),SH.STA.ACSN,,,,,,,,,,,,,,,,,,,,,,,,,,,,,,,90.30052568,90.35414251,90.33530717,90.37801053,90.32661416,90.41725747,90.34824505,90.40260801,90.49447039,90.61594336,90.74939502,90.90555569,91.09147371,91.28575717,91.46013423,91.64739678,91.81151863,92.16717337,92.30406985,92.43915533,92.57428036,92.69725053,92.7915925,92.91484909,93.02008995,93.08446096,
Ecuador,ECU,Improved sanitation facilities (% of population with access),SH.STA.ACSN,,,,,,,,,,,,,,,,,,,,,,,,,,,,,,,57,58.4,59.7,61,62.3,63.5,64.8,66,67.2,68.5,69.7,70.8,72,73.1,74.2,75.3,76.4,77.4,78.5,79.6,80.7,81.7,82.8,83.8,84.7,84.7,
"Egypt, Arab Rep.",EGY,Improved sanitation facilities (% of population with access),SH.STA.ACSN,,,,,,,,,,,,,,,,,,,,,,,,,,,,,,,73.4,74.5,75.5,76.6,77.7,78.8,79.8,81,82.1,83.2,84.3,85.5,86.6,87.7,88.8,90,91.1,92.2,93.3,94.4,94.7,94.7,94.7,94.7,94.7,94.7,
Euro area,EMU,Improved sanitation facilities (% of population with access),SH.STA.ACSN,,,,,,,,,,,,,,,,,,,,,,,,,,,,,,,98.44766994,98.4711475,98.4954228,98.52454518,98.55139429,98.57633448,98.59804081,98.4950468,98.51995438,98.54394388,98.57241617,98.594164,98.63054775,98.66301776,98.68674162,98.71924531,98.74749569,98.77660342,98.80200747,98.82553055,98.8563921,98.88310244,98.90697335,98.9204299,98.92617027,98.93215158,
Eritrea,ERI,Improved sanitation facilities (% of population with access),SH.STA.ACSN,,,,,,,,,,,,,,,,,,,,,,,,,,,,,,,9.3,9.4,9.4,9.5,9.5,9.8,10.1,10.4,10.7,11.1,11.4,11.7,12,12.4,12.7,13,13.3,13.7,14,14.3,14.6,14.9,15.3,15.4,15.6,15.7,
Spain,ESP,Improved sanitation facilities (% of population with access),SH.STA.ACSN,,,,,,,,,,,,,,,,,,,,,,,,,,,,,,,99.9,99.9,99.9,99.9,99.9,99.9,99.9,99.9,99.9,99.9,99.9,99.9,99.9,99.9,99.9,99.9,99.9,99.9,99.9,99.9,99.9,99.9,99.9,99.9,99.9,99.9,
Estonia,EST,Improved sanitation facilities (% of population with access),SH.STA.ACSN,,,,,,,,,,,,,,,,,,,,,,,,,,,,,,,97,96.9,96.9,96.9,96.9,96.9,96.9,96.9,96.9,96.9,97,97,97,97,97,97.1,97.1,97.1,97.1,97.1,97.2,97.2,97.2,97.2,97.2,97.2,
Ethiopia,ETH,Improved sanitation facilities (% of population with access),SH.STA.ACSN,,,,,,,,,,,,,,,,,,,,,,,,,,,,,,,2.6,2.6,2.7,2.8,2.9,3,3,4.6,5.9,7.3,8.6,9.9,11.2,12.6,13.9,15.2,16.5,17.8,19.1,20.4,21.7,23,24.3,25.5,26.8,28,
European Union,EUU,Improved sanitation facilities (% of population with access),SH.STA.ACSN,,,,,,,,,,,,,,,,,,,,,,,,,,,,,,,96.8180722,96.88584039,96.94672201,96.99209122,97.03341756,97.0756937,96.30427193,96.27049241,96.30947461,96.34697311,96.39586855,96.51365867,96.63773517,96.74831087,96.85017794,96.95977723,97.05939768,97.18178237,97.29074335,97.38916944,97.49742935,97.59306534,97.68325679,97.77567016,97.85282331,97.86735675,
Fragile and conflict affected situations,FCS,Improved sanitation facilities (% of population with access),SH.STA.ACSN,,,,,,,,,,,,,,,,,,,,,,,,,,,,,,,,35.56631157,35.71080719,35.41206438,35.27218355,35.40928412,35.8805679,36.39438349,37.33014247,37.7877315,38.23314011,38.67981303,39.08293521,39.50485418,39.91967521,40.33965282,40.74513745,41.171132,41.6050666,41.93564504,42.2333933,41.74118381,42.38885951,41.7642931,41.73191534,43.48676676,
Finland,FIN,Improved sanitation facilities (% of population with access),SH.STA.ACSN,,,,,,,,,,,,,,,,,,,,,,,,,,,,,,,97.1,97.2,97.2,97.2,97.3,97.3,97.3,97.4,97.4,97.4,97.4,97.4,97.5,97.5,97.5,97.5,97.5,97.5,97.5,97.6,97.6,97.6,97.6,97.6,97.6,97.6,
Fiji,FJI,Improved sanitation facilities (% of population with access),SH.STA.ACSN,,,,,,,,,,,,,,,,,,,,,,,,,,,,,,,56.8,58.8,60.7,62.6,64.5,66.3,68.1,69.8,71.4,73,74.6,76.2,77.7,79.3,80.8,82.3,83.8,85.3,86.8,88.2,89.6,91,91.1,91.1,91.1,91.1,
France,FRA,Improved sanitation facilities (% of population with access),SH.STA.ACSN,,,,,,,,,,,,,,,,,,,,,,,,,,,,,,,98.7,98.7,98.7,98.7,98.7,98.7,98.7,98.7,98.7,98.7,98.7,98.7,98.7,98.7,98.7,98.7,98.7,98.7,98.7,98.7,98.7,98.7,98.7,98.7,98.7,98.7,
Faroe Islands,FRO,Improved sanitation facilities (% of population with access),SH.STA.ACSN,,,,,,,,,,,,,,,,,,,,,,,,,,,,,,,,,,,,,,,,,,,,,,,,,,,,,,,,,
"Micronesia, Fed. Sts.",FSM,Improved sanitation facilities (% of population with access),SH.STA.ACSN,,,,,,,,,,,,,,,,,,,,,,,,,,,,,,,19.4,19.4,19.4,21.3,23.2,25,26.7,28.4,30.1,31.9,33.6,35.6,37.5,39.5,41.4,43.4,45.3,47.3,49.2,51.2,53.1,55.1,57,57,57.1,57.1,
Gabon,GAB,Improved sanitation facilities (% of population with access),SH.STA.ACSN,,,,,,,,,,,,,,,,,,,,,,,,,,,,,,,,,,,38.2,38.3,38.3,38.3,38.4,38.6,38.8,39,39.2,39.4,39.6,39.8,40,40.3,40.5,40.7,40.9,41.2,41.4,41.6,41.8,41.9,
United Kingdom,GBR,Improved sanitation facilities (% of population with access),SH.STA.ACSN,,,,,,,,,,,,,,,,,,,,,,,,,,,,,,,99.2,99.2,99.2,99.2,99.2,99.2,99.2,99.2,99.2,99.2,99.2,99.2,99.2,99.2,99.2,99.2,99.2,99.2,99.2,99.2,99.2,99.2,99.2,99.2,99.2,99.2,
Georgia,GEO,Improved sanitation facilities (% of population with access),SH.STA.ACSN,,,,,,,,,,,,,,,,,,,,,,,,,,,,,,,97.8,97.8,97.8,97.8,97.8,97.8,97.7,97.6,96.9,96.3,95.7,95,94.4,93.7,93.1,92.5,91.8,91.2,90.5,89.9,89.3,88.7,88.1,87.5,86.9,86.3,
Ghana,GHA,Improved sanitation facilities (% of population with access),SH.STA.ACSN,,,,,,,,,,,,,,,,,,,,,,,,,,,,,,,7,7.3,7.6,8,8.3,8.6,9,9.3,9.6,10,10.3,10.6,11,11.3,11.6,12,12.3,12.6,13,13.3,13.7,14,14.4,14.7,14.8,14.9,
Gibraltar,GIB,Improved sanitation facilities (% of population with access),SH.STA.ACSN,,,,,,,,,,,,,,,,,,,,,,,,,,,,,,,,,,,,,,,,,,,,,,,,,,,,,,,,,
Guinea,GIN,Improved sanitation facilities (% of population with access),SH.STA.ACSN,,,,,,,,,,,,,,,,,,,,,,,,,,,,,,,8.3,8.8,9.2,9.7,10.1,10.6,11,11.5,11.9,12.4,12.9,13.4,13.8,14.3,14.8,15.3,15.8,16.3,16.8,17.3,17.9,18.4,18.9,19.4,20,20.1,
"Gambia, The",GMB,Improved sanitation facilities (% of population with access),SH.STA.ACSN,,,,,,,,,,,,,,,,,,,,,,,,,,,,,,,,,60.4,60.4,60.4,60.3,60.3,60.1,60,59.8,59.7,59.6,59.5,59.4,59.3,59.2,59.1,59,58.9,58.9,58.8,58.8,58.7,58.8,58.8,58.9,
Guinea-Bissau,GNB,Improved sanitation facilities (% of population with access),SH.STA.ACSN,,,,,,,,,,,,,,,,,,,,,,,,,,,,,,,,,,,10.5,10.6,10.8,11,11.2,11.8,12.4,13,13.7,14.3,15,15.6,16.3,16.9,17.6,18.2,18.9,19.6,20.2,20.5,20.7,20.8,
Equatorial Guinea,GNQ,Improved sanitation facilities (% of population with access),SH.STA.ACSN,,,,,,,,,,,,,,,,,,,,,,,,,,,,,,,,,,,81.1,81.1,81.1,81.1,81.1,80.6,80.2,79.7,79.3,78.9,78.4,78,77.5,77.1,76.7,76.2,75.8,75.4,74.9,74.5,74.5,74.5,
Greece,GRC,Improved sanitation facilities (% of population with access),SH.STA.ACSN,,,,,,,,,,,,,,,,,,,,,,,,,,,,,,,92.5,92.8,93.1,93.4,93.7,94,94.3,94.6,94.9,95.2,95.5,95.8,96.2,96.5,96.8,97.1,97.4,97.7,98,98.2,98.5,98.8,99,99,99,99,
Grenada,GRD,Improved sanitation facilities (% of population with access),SH.STA.ACSN,,,,,,,,,,,,,,,,,,,,,,,,,,,,,,,98,98,98,98,98,98,98,98,98,98,98,98,98,98,98,98,98,98,98,98,98,98,98,98,98,98,
Greenland,GRL,Improved sanitation facilities (% of population with access),SH.STA.ACSN,,,,,,,,,,,,,,,,,,,,,,,,,,,,,,,100,100,100,100,100,100,100,100,100,100,100,100,100,100,100,100,100,100,100,100,100,100,100,100,100,100,
Guatemala,GTM,Improved sanitation facilities (% of population with access),SH.STA.ACSN,,,,,,,,,,,,,,,,,,,,,,,,,,,,,,,47.2,48,48.7,49.5,50.2,50.9,51.7,52.4,53.1,53.8,54.6,55.3,56,56.7,57.4,58.1,58.8,59.5,60.2,60.9,61.6,62.2,62.9,63.6,63.7,63.9,
Guam,GUM,Improved sanitation facilities (% of population with access),SH.STA.ACSN,,,,,,,,,,,,,,,,,,,,,,,,,,,,,,,88.6,88.7,88.7,88.8,88.8,88.9,88.9,89,89.1,89.1,89.2,89.2,89.3,89.3,89.4,89.4,89.5,89.6,89.6,89.7,89.7,89.8,89.8,89.8,89.8,89.8,
Guyana,GUY,Improved sanitation facilities (% of population with access),SH.STA.ACSN,,,,,,,,,,,,,,,,,,,,,,,,,,,,,,,75.7,75.7,76.1,76.5,76.9,77.3,77.7,78.1,78.5,78.9,79.2,79.6,80,80.4,80.8,81.2,81.6,82,82.4,82.8,83.2,83.6,83.6,83.6,83.6,83.7,
High income,HIC,Improved sanitation facilities (% of population with access),SH.STA.ACSN,,,,,,,,,,,,,,,,,,,,,,,,,,,,,,,98.76836109,98.78346479,98.83477604,98.86340947,98.88869928,98.92020378,98.52016808,98.51411117,98.54734384,98.58202119,98.62363309,98.71134672,98.77424344,98.83761185,98.8967845,98.9592155,99.04081598,99.09107696,99.13709893,99.179613,99.22749041,99.29759477,99.33867485,99.37341121,99.40037903,99.40518736,
"Hong Kong SAR, China",HKG,Improved sanitation facilities (% of population with access),SH.STA.ACSN,,,,,,,,,,,,,,,,,,,,,,,,,,,,,,,,,,,,,,,,,,,,,,,,,,,,,,,,,
Honduras,HND,Improved sanitation facilities (% of population with access),SH.STA.ACSN,,,,,,,,,,,,,,,,,,,,,,,,,,,,,,,48.2,49.7,51.3,52.8,54.3,55.9,57.4,58.9,60.3,61.8,63.3,64.7,66.2,67.6,69.1,70.5,71.9,73.3,74.7,76,77.4,78.7,80,81.3,82.6,82.6,
Heavily indebted poor countries (HIPC),HPC,Improved sanitation facilities (% of population with access),SH.STA.ACSN,,,,,,,,,,,,,,,,,,,,,,,,,,,,,,,16.44892758,16.81306301,17.13644227,17.41006176,17.59964999,17.8401702,18.11771168,18.60330929,19.06609498,19.55924949,20.04756156,20.50595439,20.97556417,21.46523166,21.94357435,22.42151555,22.89362729,23.36555949,23.84671839,24.32793578,24.8138112,25.36848843,25.89305389,26.37037342,26.81541038,27.37440623,
Croatia,HRV,Improved sanitation facilities (% of population with access),SH.STA.ACSN,,,,,,,,,,,,,,,,,,,,,,,,,,,,,,,97.3,97.3,97.3,97.3,97.3,97.3,97.3,97.3,97.3,97.3,97.3,97.3,97.3,97.3,97.2,97.2,97.2,97.2,97.1,97.1,97.1,97.1,97.1,97.1,97.1,97,
Haiti,HTI,Improved sanitation facilities (% of population with access),SH.STA.ACSN,,,,,,,,,,,,,,,,,,,,,,,,,,,,,,,17.6,17.9,18.1,18.5,18.9,19.2,19.6,20,20.3,20.7,21,21.6,22.1,22.6,23.2,23.7,24.2,24.6,25.1,25.5,25.9,26.3,26.7,27.1,27.4,27.6,
Hungary,HUN,Improved sanitation facilities (% of population with access),SH.STA.ACSN,,,,,,,,,,,,,,,,,,,,,,,,,,,,,,,98,98,98,98,98,98,98,98,98,98,98,98,98,98,98,98,98,98,98,98,98,98,98,98,98,98,
IBRD only,IBD,Improved sanitation facilities (% of population with access),SH.STA.ACSN,,,,,,,,,,,,,,,,,,,,,,,,,,,,,,,46.29932088,47.02552423,47.9025898,48.73165663,50.34748686,51.19251938,52.35018759,53.16703164,54.03892414,54.83426284,55.6679737,56.50505815,57.34798301,58.19712966,59.06783634,59.91408279,60.75462079,61.5616073,62.41008105,63.25300644,64.06541845,64.86158351,65.68056142,66.47213759,67.2676439,67.67479759,
IDA & IBRD total,IBT,Improved sanitation facilities (% of population with access),SH.STA.ACSN,,,,,,,,,,,,,,,,,,,,,,,,,,,,,,,42.56670952,43.2464907,43.99687863,44.69880163,46.04102756,46.78451269,47.82466919,48.56824091,49.37133786,50.11246962,50.88500156,51.65330141,52.41979699,53.18661437,53.97247079,54.73162733,55.48432865,56.20422486,56.95473461,57.68898968,58.39907521,59.00300617,59.76201441,60.45088329,61.10734914,61.71115232,
IDA total,IDA,Improved sanitation facilities (% of population with access),SH.STA.ACSN,,,,,,,,,,,,,,,,,,,,,,,,,,,,,,,28.14641062,29.6027758,30.15073345,30.73462796,31.13906645,31.70982007,32.34897867,33.04349508,33.75891618,34.48043968,35.21685857,35.93327675,36.63075022,37.31489614,38.01640406,38.68909957,39.35961166,40.02658956,40.67518151,41.28068635,41.89000672,42.25386075,42.93048112,43.2485524,43.71501206,44.65294561,
IDA blend,IDB,Improved sanitation facilities (% of population with access),SH.STA.ACSN,,,,,,,,,,,,,,,,,,,,,,,,,,,,,,,37.3096379,37.59811298,38.27115107,38.5245326,39.33589678,40.1904829,41.02673011,41.67398557,42.50073431,43.32468459,44.19525973,45.05848181,45.88577422,46.70244557,47.55206734,48.35350728,49.13539268,49.92373193,50.67492879,51.3855797,52.1392952,52.85365403,53.57540952,54.23973716,54.90868746,55.52964878,
Indonesia,IDN,Improved sanitation facilities (% of population with access),SH.STA.ACSN,,,,,,,,,,,,,,,,,,,,,,,,,,,,,,,35.2,36.3,37.5,38.7,39.9,41,42.3,43.5,44.7,45.9,47.1,48.1,49.2,50.2,51.2,52.1,53.1,54.1,55.1,56,57,57.9,58.8,59.7,60.6,60.8,
IDA only,IDX,Improved sanitation facilities (% of population with access),SH.STA.ACSN,,,,,,,,,,,,,,,,,,,,,,,,,,,,,,,21.88469459,24.69674486,25.11709379,26.02766107,26.28852662,26.70487055,27.25028138,27.95684404,28.62606433,29.30906156,29.99342462,30.65056328,31.30120846,31.93770464,32.58165509,33.20649803,33.83751467,34.45736491,35.06921113,35.63238544,36.17230331,36.41327532,37.01871652,36.99980755,37.36367806,38.24621215,
Isle of Man,IMN,Improved sanitation facilities (% of population with access),SH.STA.ACSN,,,,,,,,,,,,,,,,,,,,,,,,,,,,,,,,,,,,,,,,,,,,,,,,,,,,,,,,,
India,IND,Improved sanitation facilities (% of population with access),SH.STA.ACSN,,,,,,,,,,,,,,,,,,,,,,,,,,,,,,,16.8,16.9,17.8,18.8,19.8,20.8,21.7,22.7,23.7,24.6,25.6,26.6,27.6,28.6,29.6,30.6,31.6,32.6,33.6,34.6,35.5,36.5,37.5,38.5,39.5,39.6,
Not classified,INX,Improved sanitation facilities (% of population with access),SH.STA.ACSN,,,,,,,,,,,,,,,,,,,,,,,,,,,,,,,,,,,,,,,,,,,,,,,,,,,,,,,,,
Ireland,IRL,Improved sanitation facilities (% of population with access),SH.STA.ACSN,,,,,,,,,,,,,,,,,,,,,,,,,,,,,,,89.3,89.3,89.3,89.3,89.3,89.3,89.3,89.3,89.3,89.2,89.2,89.3,89.4,89.5,89.6,89.7,89.8,89.9,90,90,90.1,90.2,90.3,90.4,90.5,90.5,
"Iran, Islamic Rep.",IRN,Improved sanitation facilities (% of population with access),SH.STA.ACSN,,,,,,,,,,,,,,,,,,,,,,,,,,,,,,,71.4,71.5,71.6,71.7,72.8,73.8,74.8,75.9,76.9,77.9,78.9,79.9,80.8,81.8,82.8,83.8,84.8,85.7,86.7,87.6,88.6,89.3,89.6,89.9,89.9,90,
Iraq,IRQ,Improved sanitation facilities (% of population with access),SH.STA.ACSN,,,,,,,,,,,,,,,,,,,,,,,,,,,,,,,,71.8,71.7,71.6,71.6,71.5,72.2,73,73.7,74.5,75.3,76.2,76.9,77.7,78.5,79.3,80.1,80.9,81.7,82.5,83.3,84,84.8,85.6,85.6,85.6,
Iceland,ISL,Improved sanitation facilities (% of population with access),SH.STA.ACSN,,,,,,,,,,,,,,,,,,,,,,,,,,,,,,,98.8,98.8,98.8,98.8,98.8,98.8,98.8,98.8,98.8,98.8,98.8,98.8,98.8,98.8,98.8,98.8,98.8,98.8,98.8,98.8,98.8,98.8,98.8,98.8,98.8,98.8,
Israel,ISR,Improved sanitation facilities (% of population with access),SH.STA.ACSN,,,,,,,,,,,,,,,,,,,,,,,,,,,,,,,100,100,100,100,100,100,100,100,100,100,100,100,100,100,100,100,100,100,100,100,100,100,100,100,100,100,
Italy,ITA,Improved sanitation facilities (% of population with access),SH.STA.ACSN,,,,,,,,,,,,,,,,,,,,,,,,,,,,,,,99.5,99.5,99.5,99.5,99.5,99.5,99.5,99.5,99.5,99.5,99.5,99.5,99.5,99.5,99.5,99.5,99.5,99.5,99.5,99.5,99.5,99.5,99.5,99.5,99.5,99.5,
Jamaica,JAM,Improved sanitation facilities (% of population with access),SH.STA.ACSN,,,,,,,,,,,,,,,,,,,,,,,,,,,,,,,79.8,79.9,80,80.1,80.2,80.3,80.3,80.4,80.5,80.6,80.7,80.8,80.9,81,81,81.1,81.2,81.3,81.4,81.5,81.6,81.6,81.7,81.8,81.8,81.8,
Jordan,JOR,Improved sanitation facilities (% of population with access),SH.STA.ACSN,,,,,,,,,,,,,,,,,,,,,,,,,,,,,,,97.3,97.4,97.4,97.5,97.5,97.5,97.6,97.6,97.7,97.8,97.8,97.9,98,98,98.1,98.2,98.2,98.3,98.3,98.4,98.5,98.5,98.6,98.6,98.6,98.6,
Japan,JPN,Improved sanitation facilities (% of population with access),SH.STA.ACSN,,,,,,,,,,,,,,,,,,,,,,,,,,,,,,,100,100,100,100,100,100,100,100,100,100,100,100,100,100,100,100,100,100,100,100,100,100,100,100,100,100,
Kazakhstan,KAZ,Improved sanitation facilities (% of population with access),SH.STA.ACSN,,,,,,,,,,,,,,,,,,,,,,,,,,,,,,,96.4,96.4,96.4,96.4,96.4,96.5,96.6,96.6,96.7,96.7,96.8,96.8,96.9,97,97,97.1,97.1,97.2,97.3,97.3,97.4,97.4,97.5,97.5,97.5,97.5,
Kenya,KEN,Improved sanitation facilities (% of population with access),SH.STA.ACSN,,,,,,,,,,,,,,,,,,,,,,,,,,,,,,,24.6,24.8,25,25.3,25.5,25.7,26,26.2,26.4,26.7,26.9,27.1,27.4,27.6,27.8,28,28.3,28.5,28.7,29,29.2,29.4,29.6,29.9,30.1,30.1,
Kyrgyz Republic,KGZ,Improved sanitation facilities (% of population with access),SH.STA.ACSN,,,,,,,,,,,,,,,,,,,,,,,,,,,,,,,91.2,91.2,91.2,91.2,91.2,91.3,91.4,91.5,91.6,91.7,91.8,91.9,92,92.1,92.2,92.3,92.4,92.5,92.6,92.7,92.8,92.9,93,93.1,93.2,93.3,
Cambodia,KHM,Improved sanitation facilities (% of population with access),SH.STA.ACSN,,,,,,,,,,,,,,,,,,,,,,,,,,,,,,,2.9,3,3.1,4.2,6,7.7,9.4,11.2,12.9,14.6,16.3,18,19.8,21.5,23.2,24.9,26.6,28.4,30.1,31.9,33.6,35.4,37.2,39,40.8,42.4,
Kiribati,KIR,Improved sanitation facilities (% of population with access),SH.STA.ACSN,,,,,,,,,,,,,,,,,,,,,,,,,,,,,,,28,28.5,29,29.5,30,30.5,31.2,32,32.7,33.5,34.2,34.8,35.2,35.7,36.1,36.5,37,37.4,37.9,38.3,38.8,39.2,39.7,39.7,39.7,39.7,
St. Kitts and Nevis,KNA,Improved sanitation facilities (% of population with access),SH.STA.ACSN,,,,,,,,,,,,,,,,,,,,,,,,,,,,,,,,,,,,87.3,87.3,87.3,87.3,87.3,87.3,87.3,87.3,87.3,87.3,87.3,87.3,87.3,,,,,,,,,
"Korea, Rep.",KOR,Improved sanitation facilities (% of population with access),SH.STA.ACSN,,,,,,,,,,,,,,,,,,,,,,,,,,,,,,,100,100,100,100,100,100,100,100,100,100,100,100,100,100,100,100,100,100,100,100,100,100,100,100,100,100,
Kuwait,KWT,Improved sanitation facilities (% of population with access),SH.STA.ACSN,,,,,,,,,,,,,,,,,,,,,,,,,,,,,,,100,100,100,100,100,100,100,100,100,100,100,100,100,100,100,100,100,100,100,100,100,100,100,100,100,100,
Latin America & Caribbean (excluding high income),LAC,Improved sanitation facilities (% of population with access),SH.STA.ACSN,,,,,,,,,,,,,,,,,,,,,,,,,,,,,,,66.17586918,66.99443751,67.75741311,68.53833718,69.35616155,70.11348892,70.81598555,71.59075774,72.28888085,73.02558656,73.75315159,74.40397939,75.05871022,75.71687288,76.33976109,76.98530187,77.58526225,78.2100441,78.84265164,79.42625584,80.03613734,80.64943008,81.22155384,81.78996164,82.33176675,82.47955913,
Lao PDR,LAO,Improved sanitation facilities (% of population with access),SH.STA.ACSN,,,,,,,,,,,,,,,,,,,,,,,,,,,,,,,,,,,20.1,20.4,20.8,21.3,21.8,24.9,28,31.1,34.2,37.3,40.3,43.4,46.5,49.6,52.6,55.7,58.7,61.7,64.6,67.6,70.5,70.9,
Lebanon,LBN,Improved sanitation facilities (% of population with access),SH.STA.ACSN,,,,,,,,,,,,,,,,,,,,,,,,,,,,,,,,,,,,,,,82.7,82.7,82.7,82.7,82.7,82.4,82.2,82,81.8,81.6,81.3,81.1,80.9,80.7,80.7,80.7,80.7,80.7,
Liberia,LBR,Improved sanitation facilities (% of population with access),SH.STA.ACSN,,,,,,,,,,,,,,,,,,,,,,,,,,,,,,,,,,,13.7,13.1,12.5,12.6,12.6,12.9,13.1,13.4,13.6,13.8,14.1,14.3,14.6,14.8,15.1,15.3,15.6,15.8,16.1,16.4,16.6,16.9,
Libya,LBY,Improved sanitation facilities (% of population with access),SH.STA.ACSN,,,,,,,,,,,,,,,,,,,,,,,,,,,,,,,96.5,96.5,96.5,96.5,96.5,96.5,96.5,96.5,96.5,96.5,96.5,96.5,96.5,96.5,96.5,96.5,96.5,96.5,96.6,96.6,96.6,96.6,96.6,96.6,96.6,96.6,
St. Lucia,LCA,Improved sanitation facilities (% of population with access),SH.STA.ACSN,,,,,,,,,,,,,,,,,,,,,,,,,,,,,,,78.2,78.7,79.2,79.7,80.2,80.6,81.1,81.6,82.1,82.6,83.1,83.6,84.1,84.6,85.1,85.7,86.2,86.8,87.3,87.9,88.5,89,89.5,90,90.5,90.5,
Latin America & Caribbean,LCN,Improved sanitation facilities (% of population with access),SH.STA.ACSN,,,,,,,,,,,,,,,,,,,,,,,,,,,,,,,67.2583077,68.05218564,68.79366121,69.55399384,70.35832615,71.09876415,71.78641429,72.54206559,73.22109679,73.94036803,74.65156137,75.28625965,75.92474008,76.56981684,77.17878738,77.80948424,78.39650793,79.00769812,79.62610739,80.19589522,80.79380337,81.39492583,81.95261681,82.49991965,83.01604465,83.15738826,
Least developed countries: UN classification,LDC,Improved sanitation facilities (% of population with access),SH.STA.ACSN,,,,,,,,,,,,,,,,,,,,,,,,,,,,,,,19.27403141,22.72805268,23.18457978,23.54722501,23.92971578,24.40343242,24.9986749,25.77779786,26.51197553,27.25812818,28.01760447,28.74952847,29.46931143,30.18121189,30.89651662,31.58109487,32.26209636,32.92682504,33.58777443,34.20679332,34.82709161,35.15040201,35.87768304,35.89804804,36.36830072,37.39057189,
Low income,LIC,Improved sanitation facilities (% of population with access),SH.STA.ACSN,,,,,,,,,,,,,,,,,,,,,,,,,,,,,,,13.15524938,13.71806763,16.62548827,16.91261857,17.11551473,17.3724532,17.66961142,18.3620614,18.99025303,19.63246773,20.27288762,20.87971321,21.47361323,22.09234506,22.69209566,23.29052224,23.87772945,24.45985256,25.0481603,25.63841367,26.22544267,26.44222688,26.97294444,27.43363477,27.89491917,28.27703055,
Liechtenstein,LIE,Improved sanitation facilities (% of population with access),SH.STA.ACSN,,,,,,,,,,,,,,,,,,,,,,,,,,,,,,,,,,,,,,,,,,,,,,,,,,,,,,,,,
Sri Lanka,LKA,Improved sanitation facilities (% of population with access),SH.STA.ACSN,,,,,,,,,,,,,,,,,,,,,,,,,,,,,,,70.7,71.8,72.8,73.9,74.9,76,77,78,79.1,80.1,81.2,82.2,83.3,84.3,85.4,86.4,87.5,88.5,89.6,90.6,91.7,92.7,93.8,94.8,95.1,95.1,
Lower middle income,LMC,Improved sanitation facilities (% of population with access),SH.STA.ACSN,,,,,,,,,,,,,,,,,,,,,,,,,,,,,,,28.74207586,29.79153505,30.76985153,31.74765638,34.18249419,35.03326542,35.87892095,36.74522196,37.63509262,38.48491088,39.38951059,40.2810325,41.17538877,42.05790625,42.95364441,43.83313867,44.7216238,45.60723321,46.49196639,47.34718888,48.1494977,48.98321523,49.80340927,50.56335943,51.32959472,52.00170876,
Low & middle income,LMY,Improved sanitation facilities (% of population with access),SH.STA.ACSN,,,,,,,,,,,,,,,,,,,,,,,,,,,,,,,42.41403519,43.1232916,43.92215491,44.62046579,45.96069632,46.70158999,47.42063148,48.18161005,49.00324019,49.76038405,50.55335359,51.33164101,52.10883959,52.88615565,53.68235503,54.4514479,55.2138594,55.9420276,56.70198141,57.44532794,58.16422208,58.77754067,59.53780598,60.22702807,60.88486818,61.49221413,
Lesotho,LSO,Improved sanitation facilities (% of population with access),SH.STA.ACSN,,,,,,,,,,,,,,,,,,,,,,,,,,,,,,,,,,,22.6,22.7,22.8,22.8,22.9,23.4,23.9,24.3,24.8,25.3,25.7,26.2,26.7,27.1,27.6,28,28.5,28.9,29.3,29.8,30.2,30.3,
Late-demographic dividend,LTE,Improved sanitation facilities (% of population with access),SH.STA.ACSN,,,,,,,,,,,,,,,,,,,,,,,,,,,,,,,55.71771139,56.62039035,57.56128637,58.43148446,59.33832378,60.31048444,61.68647727,62.59791024,63.57552515,64.47627841,65.40672504,66.36747432,67.34026995,68.31591687,69.35419125,70.33534728,71.29247979,72.20471471,73.17528058,74.13537525,75.09624821,75.99826534,76.91724869,77.77183487,78.67336699,79.44019538,
Lithuania,LTU,Improved sanitation facilities (% of population with access),SH.STA.ACSN,,,,,,,,,,,,,,,,,,,,,,,,,,,,,,,82.8,83.2,83.5,83.9,84.3,84.7,85,85.4,85.8,86.2,86.6,86.9,87.3,87.7,88.1,88.5,88.9,89.3,89.7,90.1,90.5,90.8,91.2,91.6,92,92.4,
Luxembourg,LUX,Improved sanitation facilities (% of population with access),SH.STA.ACSN,,,,,,,,,,,,,,,,,,,,,,,,,,,,,,,97.8,97.8,97.8,97.8,97.7,97.7,97.7,97.7,97.7,97.7,97.7,97.7,97.7,97.7,97.7,97.7,97.7,97.6,97.6,97.6,97.6,97.6,97.6,97.6,97.6,97.6,
Latvia,LVA,Improved sanitation facilities (% of population with access),SH.STA.ACSN,,,,,,,,,,,,,,,,,,,,,,,,,,,,,,,,,,,,,,81.8,81.8,81.8,81.7,81.7,82.1,82.6,83,83.5,83.9,84.3,84.8,85.2,85.6,86.1,86.5,86.9,87.4,87.8,
"Macao SAR, China",MAC,Improved sanitation facilities (% of population with access),SH.STA.ACSN,,,,,,,,,,,,,,,,,,,,,,,,,,,,,,,,,,,,,,,,,,,,,,,,,,,,,,,,,
St. Martin (French part),MAF,Improved sanitation facilities (% of population with access),SH.STA.ACSN,,,,,,,,,,,,,,,,,,,,,,,,,,,,,,,,,,,,,,,,,,,,,,,,,,,,,,,,,
Morocco,MAR,Improved sanitation facilities (% of population with access),SH.STA.ACSN,,,,,,,,,,,,,,,,,,,,,,,,,,,,,,,52.4,53.8,55.1,56.4,57.7,58.8,59.8,60.9,61.9,62.9,64,65,66,66.9,67.9,68.9,69.9,70.9,71.9,72.9,73.8,74.7,75.6,76.5,76.6,76.7,
Monaco,MCO,Improved sanitation facilities (% of population with access),SH.STA.ACSN,,,,,,,,,,,,,,,,,,,,,,,,,,,,,,,100,100,100,100,100,100,100,100,100,100,100,100,100,100,100,100,100,100,100,100,100,100,100,100,100,100,
Moldova,MDA,Improved sanitation facilities (% of population with access),SH.STA.ACSN,,,,,,,,,,,,,,,,,,,,,,,,,,,,,,,,,71.7,71.7,71.7,71.7,71.6,71.9,72.1,72.4,72.7,72.9,73.2,73.4,73.7,73.9,74.2,74.5,74.7,75,75.3,75.5,75.8,76.1,76.4,76.4,
Madagascar,MDG,Improved sanitation facilities (% of population with access),SH.STA.ACSN,,,,,,,,,,,,,,,,,,,,,,,,,,,,,,,9.4,9.5,9.6,9.7,9.8,9.9,10,10,10.1,10.2,10.3,10.4,10.5,10.6,10.6,10.8,10.9,11,11.1,11.2,11.4,11.5,11.6,11.7,11.9,12,
Maldives,MDV,Improved sanitation facilities (% of population with access),SH.STA.ACSN,,,,,,,,,,,,,,,,,,,,,,,,,,,,,,,68,68,67.9,67.9,67.9,69.7,71.7,73.7,75.6,77.5,79.4,81.5,83.5,85.4,87.3,89.1,90.9,92.6,94.2,95.8,97.3,98,98,98,98,97.9,
Middle East & North Africa,MEA,Improved sanitation facilities (% of population with access),SH.STA.ACSN,,,,,,,,,,,,,,,,,,,,,,,,,,,,,,,72.64950332,73.24152165,73.56165664,74.11269495,74.90184547,75.81539957,76.60708873,77.49549153,78.38235796,79.21531328,80.05333727,80.92105643,81.71416709,82.54279033,83.38332021,84.2455099,85.06697749,85.84540435,86.64828877,87.33237671,87.83636546,88.18122244,88.44760254,91.01327764,91.05464332,91.10263448,
Mexico,MEX,Improved sanitation facilities (% of population with access),SH.STA.ACSN,,,,,,,,,,,,,,,,,,,,,,,,,,,,,,,66.2,67.1,68,68.9,69.8,70.7,71.5,72.3,73.1,73.9,74.7,75.5,76.3,77.1,77.8,78.6,79.4,80.1,80.9,81.6,82.3,83,83.7,84.4,85.1,85.2,
Marshall Islands,MHL,Improved sanitation facilities (% of population with access),SH.STA.ACSN,,,,,,,,,,,,,,,,,,,,,,,,,,,,,,,64.6,65.2,65.7,66.3,66.8,67.4,67.9,68.5,69,69.5,70.1,70.6,71.1,71.6,72.1,72.7,73.2,73.7,74.2,74.7,75.2,75.7,76.2,76.7,76.8,76.9,
Middle income,MIC,Improved sanitation facilities (% of population with access),SH.STA.ACSN,,,,,,,,,,,,,,,,,,,,,,,,,,,,,,,44.52006874,45.32619855,46.13996475,46.94254447,48.387173,49.19980755,49.98575429,50.78122593,51.64832819,52.44839242,53.28905021,54.12153362,54.95706273,55.79243596,56.65179782,57.4827109,58.30855249,59.10174722,59.9275601,60.73610582,61.51972832,62.29218583,63.07267856,63.86100904,64.59897873,65.31882417,
"Macedonia, FYR",MKD,Improved sanitation facilities (% of population with access),SH.STA.ACSN,,,,,,,,,,,,,,,,,,,,,,,,,,,,,,,,,,,,,,,,,89.8,89.8,89.8,89.8,89.8,90,90.1,90.3,90.5,90.6,90.8,91,91,90.9,90.9,90.9,
Mali,MLI,Improved sanitation facilities (% of population with access),SH.STA.ACSN,,,,,,,,,,,,,,,,,,,,,,,,,,,,,,,14.1,14.4,14.8,15.2,15.6,16,16.3,16.7,17.1,17.5,18,18.4,18.9,19.3,19.7,20.2,20.6,21.1,21.5,22,22.4,22.9,23.3,23.8,24.2,24.7,
Malta,MLT,Improved sanitation facilities (% of population with access),SH.STA.ACSN,,,,,,,,,,,,,,,,,,,,,,,,,,,,,,,100,100,100,100,100,100,100,100,100,100,100,100,100,100,100,100,100,100,100,100,100,100,100,100,100,100,
Myanmar,MMR,Improved sanitation facilities (% of population with access),SH.STA.ACSN,,,,,,,,,,,,,,,,,,,,,,,,,,,,,,,,54.1,54.2,54.2,54.3,54.4,55.9,57.4,58.9,60.4,61.9,63.4,64.9,66.4,67.9,69.4,70.8,72.3,73.8,75.2,76.6,78,79.4,79.5,79.5,79.6,
Middle East & North Africa (excluding high income),MNA,Improved sanitation facilities (% of population with access),SH.STA.ACSN,,,,,,,,,,,,,,,,,,,,,,,,,,,,,,,69.76540149,70.65249771,71.17165035,71.71962494,72.5399376,73.33776045,74.17396831,75.10960039,76.06825837,76.93361011,77.80294825,78.71332249,79.53179528,80.38852813,81.25139994,82.13472252,82.99234271,83.8263384,84.69307395,85.43140631,85.9803551,86.35450827,86.64386811,89.51408567,89.55247044,89.59886568,
Montenegro,MNE,Improved sanitation facilities (% of population with access),SH.STA.ACSN,,,,,,,,,,,,,,,,,,,,,,,,,,,,,,,,,,,,,,,89.1,89.2,89.2,89.3,89.3,89.8,90.4,90.9,91.4,91.9,92.5,93,93.5,94,94.6,95.1,95.6,95.9,
Mongolia,MNG,Improved sanitation facilities (% of population with access),SH.STA.ACSN,,,,,,,,,,,,,,,,,,,,,,,,,,,,,,,,,46,46,46,46,45.9,46.5,47,47.5,48.2,49.2,50.1,51,51.9,52.7,53.5,54.3,55.1,55.8,56.5,57.2,57.9,58.5,59.1,59.7,
Northern Mariana Islands,MNP,Improved sanitation facilities (% of population with access),SH.STA.ACSN,,,,,,,,,,,,,,,,,,,,,,,,,,,,,,,68.7,69.2,69.7,70.2,70.7,71.2,71.7,72.2,72.7,73.2,73.7,74.2,74.7,75.2,75.7,76.2,76.7,77.2,77.7,78.2,78.7,79.2,79.7,79.7,79.7,79.7,
Mozambique,MOZ,Improved sanitation facilities (% of population with access),SH.STA.ACSN,,,,,,,,,,,,,,,,,,,,,,,,,,,,,,,10.3,10.4,10.6,10.7,10.9,11.5,12.1,12.6,13.1,13.6,14.1,14.6,15,15.5,16,16.5,16.9,17.4,17.9,18.4,18.8,19.3,19.8,20.3,20.4,20.5,
Mauritania,MRT,Improved sanitation facilities (% of population with access),SH.STA.ACSN,,,,,,,,,,,,,,,,,,,,,,,,,,,,,,,15.6,15.8,16,16.2,17.2,18.2,19.3,20.4,21.5,22.6,23.7,24.8,26,27.2,28.4,29.5,30.8,32,33.2,34.4,35.7,36.9,38.2,39.5,39.7,40,
Mauritius,MUS,Improved sanitation facilities (% of population with access),SH.STA.ACSN,,,,,,,,,,,,,,,,,,,,,,,,,,,,,,,91.1,91.1,91.1,91.1,91.1,91.1,91.1,91.1,91.1,91.2,91.4,91.5,91.6,91.8,91.9,92,92.2,92.3,92.4,92.6,92.7,92.9,93,93.2,93.2,93.1,
Malawi,MWI,Improved sanitation facilities (% of population with access),SH.STA.ACSN,,,,,,,,,,,,,,,,,,,,,,,,,,,,,,,29.3,29.9,30.4,30.9,31.4,31.9,32.4,32.9,33.4,33.8,34.3,34.7,35.2,35.6,36.1,36.5,37,37.4,37.9,38.3,38.8,39.2,39.7,40.1,40.6,41,
Malaysia,MYS,Improved sanitation facilities (% of population with access),SH.STA.ACSN,,,,,,,,,,,,,,,,,,,,,,,,,,,,,,,86.2,86.7,87.2,87.8,88.3,88.8,89.3,89.8,90.2,90.7,91.2,91.6,92.1,92.5,92.9,93.4,93.8,94.2,94.6,95,95.4,95.7,95.9,96,96,96,
North America,NAC,Improved sanitation facilities (% of population with access),SH.STA.ACSN,,,,,,,,,,,,,,,,,,,,,,,,,,,,,,,99.53005364,99.5300602,99.62001139,99.61997103,99.61992343,99.61985847,99.70992153,99.7099084,99.70988164,99.7098531,99.70983271,99.8,99.8,99.8,99.8,99.8,99.89015849,99.89015683,99.89014472,99.89012087,99.89009609,99.98015222,99.98007679,99.98000159,99.97994439,99.97993018,
Namibia,NAM,Improved sanitation facilities (% of population with access),SH.STA.ACSN,,,,,,,,,,,,,,,,,,,,,,,,,,,,,,,24,24.2,24.6,24.9,25.3,25.7,26,26.4,26.7,27.1,27.4,27.8,28.3,28.8,29.3,29.8,30.3,30.8,31.3,31.7,32.2,32.7,33.1,33.6,34,34.4,
New Caledonia,NCL,Improved sanitation facilities (% of population with access),SH.STA.ACSN,,,,,,,,,,,,,,,,,,,,,,,,,,,,,,,100,100,100,100,100,100,100,100,100,100,100,100,100,100,100,100,100,100,100,100,100,100,100,100,100,100,
Niger,NER,Improved sanitation facilities (% of population with access),SH.STA.ACSN,,,,,,,,,,,,,,,,,,,,,,,,,,,,,,,3.9,4.2,4.4,4.7,5,5.2,5.5,5.8,6,6.3,6.6,6.8,7.1,7.4,7.7,7.9,8.2,8.5,8.8,9.1,9.5,9.8,10.1,10.5,10.8,10.9,
Nigeria,NGA,Improved sanitation facilities (% of population with access),SH.STA.ACSN,,,,,,,,,,,,,,,,,,,,,,,,,,,,,,,38.1,37.7,37.2,36.8,36.4,36,35.6,35.2,34.8,34.4,34,33.7,33.3,32.9,32.6,32.2,31.9,31.5,31.2,30.8,30.5,30.2,29.9,29.6,29.3,29,
Nicaragua,NIC,Improved sanitation facilities (% of population with access),SH.STA.ACSN,,,,,,,,,,,,,,,,,,,,,,,,,,,,,,,43.9,45,46,47.1,48.1,49.2,50.2,51.3,52.3,53.4,54.4,55.5,56.5,57.5,58.6,59.6,60.6,61.6,62.7,63.7,64.7,65.7,66.8,67.8,67.8,67.9,
Netherlands,NLD,Improved sanitation facilities (% of population with access),SH.STA.ACSN,,,,,,,,,,,,,,,,,,,,,,,,,,,,,,,98.3,98.2,98.2,98.2,98.2,98.2,98.1,98.1,98.1,98.1,98.1,98,98,98,97.9,97.9,97.9,97.9,97.8,97.8,97.8,97.8,97.8,97.8,97.7,97.7,
Norway,NOR,Improved sanitation facilities (% of population with access),SH.STA.ACSN,,,,,,,,,,,,,,,,,,,,,,,,,,,,,,,98.1,98.1,98.1,98.1,98.1,98.1,98.1,98.1,98.1,98.1,98.1,98.1,98.1,98.1,98.1,98.1,98.1,98.1,98.1,98.1,98.1,98.1,98.1,98.1,98.1,98.1,
Nepal,NPL,Improved sanitation facilities (% of population with access),SH.STA.ACSN,,,,,,,,,,,,,,,,,,,,,,,,,,,,,,,4.5,6.2,7.9,9.7,11.4,13.1,14.8,16.6,18.3,20,21.7,23.4,25,26.6,28.3,29.9,31.5,33.1,34.7,36.3,37.9,39.5,41.1,42.6,44.2,45.8,
Nauru,NRU,Improved sanitation facilities (% of population with access),SH.STA.ACSN,,,,,,,,,,,,,,,,,,,,,,,,,,,,,,,65.7,65.7,65.7,65.7,65.7,65.7,65.7,65.7,65.7,65.7,65.7,65.7,65.7,65.7,65.7,65.7,65.7,65.6,65.6,65.6,65.6,65.6,65.6,65.6,65.6,65.6,
New Zealand,NZL,Improved sanitation facilities (% of population with access),SH.STA.ACSN,,,,,,,,,,,,,,,,,,,,,,,,,,,,,,,,,,,,,,,,,,,,,,,,,,,,,,,,,
OECD members,OED,Improved sanitation facilities (% of population with access),SH.STA.ACSN,,,,,,,,,,,,,,,,,,,,,,,,,,,,,,,95.4586334,95.52783551,95.64072495,95.7256794,95.81674451,95.90998418,95.70393488,95.76246466,95.84670584,95.93606446,96.03455853,96.18170735,96.30736617,96.44029184,96.5492629,96.67447261,96.82349868,96.94203699,97.06107433,97.17391992,97.28815473,97.42379774,97.53212165,97.64199295,97.74335427,97.76855473,
Oman,OMN,Improved sanitation facilities (% of population with access),SH.STA.ACSN,,,,,,,,,,,,,,,,,,,,,,,,,,,,,,,81.8,82.4,83.1,83.7,84,84.8,85.7,86.5,87.3,88.2,89,89.8,90.7,91.5,92.4,93.3,94.2,95,95.9,96.7,96.7,96.7,96.7,96.7,96.7,96.7,
Other small states,OSS,Improved sanitation facilities (% of population with access),SH.STA.ACSN,,,,,,,,,,,,,,,,,,,,,,,,,,,,,,,,,64.73507804,64.74740352,55.29394102,54.50198582,54.59217492,54.74062096,55.98726034,56.27210466,56.61813854,56.92698517,57.24092844,57.58385828,58.00129172,58.52571033,59.15007256,59.82625137,60.51577263,61.09474631,61.60432803,61.97209295,62.25701811,62.46798618,62.55958046,62.55296161,
Pakistan,PAK,Improved sanitation facilities (% of population with access),SH.STA.ACSN,,,,,,,,,,,,,,,,,,,,,,,,,,,,,,,23.7,23.8,24,24.1,26,27.8,29.6,31.4,33.2,35,36.9,38.7,40.5,42.3,44.1,45.9,47.6,49.4,51.2,53,54.8,56.5,58.3,60,61.8,63.5,
Panama,PAN,Improved sanitation facilities (% of population with access),SH.STA.ACSN,,,,,,,,,,,,,,,,,,,,,,,,,,,,,,,59,59.9,60.7,61.5,62.3,63,63.8,64.6,65.3,66.1,66.8,67.4,67.9,68.5,69,69.6,70.1,70.7,71.2,71.8,72.3,72.9,73.4,73.9,74.5,75,
Peru,PER,Improved sanitation facilities (% of population with access),SH.STA.ACSN,,,,,,,,,,,,,,,,,,,,,,,,,,,,,,,52.8,53.9,54.9,55.9,57,58,59,60,61,62,62.9,63.9,64.8,65.8,66.7,67.6,68.5,69.4,70.3,71.2,72,72.9,73.7,74.6,75.4,76.2,
Philippines,PHL,Improved sanitation facilities (% of population with access),SH.STA.ACSN,,,,,,,,,,,,,,,,,,,,,,,,,,,,,,,57.1,57.8,58.4,59.1,59.8,60.5,61.1,61.8,62.5,63.2,63.8,64.5,65.1,65.8,66.4,67.1,67.8,68.4,69.1,69.8,70.5,71.1,71.8,72.5,73.2,73.9,
Palau,PLW,Improved sanitation facilities (% of population with access),SH.STA.ACSN,,,,,,,,,,,,,,,,,,,,,,,,,,,,,,,46.5,50.1,53.7,57.3,60.9,64.5,67.7,71,74.3,77.6,81,84.8,88.5,92.1,95.6,98,99.3,100,100,100,100,100,100,100,100,100,
Papua New Guinea,PNG,Improved sanitation facilities (% of population with access),SH.STA.ACSN,,,,,,,,,,,,,,,,,,,,,,,,,,,,,,,20.2,20.1,20,19.9,19.8,19.7,19.6,19.5,19.4,19.3,19.2,19.2,19.1,19.1,19.1,19.1,19.1,19,19,19,19,18.9,18.9,18.9,18.9,18.9,
Poland,POL,Improved sanitation facilities (% of population with access),SH.STA.ACSN,,,,,,,,,,,,,,,,,,,,,,,,,,,,,,,,,,,,,87,87,87,87,87,87.8,88.5,89.2,89.9,90.6,91.3,92.1,92.8,93.5,94.3,95,95.7,96.5,97.2,97.2,
Pre-demographic dividend,PRE,Improved sanitation facilities (% of population with access),SH.STA.ACSN,,,,,,,,,,,,,,,,,,,,,,,,,,,,,,,23.56586593,25.63294481,25.69317489,25.64611972,25.66478916,25.76731539,25.92685599,26.02689535,26.18582873,26.36254424,26.54688964,26.73360234,26.90521345,27.09114523,27.29942876,27.48506535,27.69611596,27.88251355,28.09862421,28.30776718,28.54495122,28.53888679,28.85474735,29.11636208,29.28589203,29.68519947,
Puerto Rico,PRI,Improved sanitation facilities (% of population with access),SH.STA.ACSN,,,,,,,,,,,,,,,,,,,,,,,,,,,,,,,99.3,99.3,99.3,99.3,99.3,99.3,99.3,99.3,99.3,99.3,99.3,99.3,99.3,99.3,99.3,99.3,99.3,99.3,99.3,99.3,99.3,99.3,99.3,99.3,99.3,99.3,
"Korea, Dem. Peoples Rep.",PRK,Improved sanitation facilities (% of population with access),SH.STA.ACSN,,,,,,,,,,,,,,,,,,,,,,,,,,,,,,,,,53.3,53.3,53.3,53.3,53.3,55.2,57.1,59,60.9,62.8,64.7,66.6,68.5,70.4,72.3,74.2,76.1,78,79.9,81.8,81.8,81.9,81.9,81.9,
Portugal,PRT,Improved sanitation facilities (% of population with access),SH.STA.ACSN,,,,,,,,,,,,,,,,,,,,,,,,,,,,,,,92.8,93.2,93.5,93.9,94.2,94.5,94.9,95.2,95.5,95.8,96.2,96.5,96.8,97.1,97.3,97.6,97.9,98.2,98.5,98.7,99,99.2,99.5,99.6,99.7,99.7,
Paraguay,PRY,Improved sanitation facilities (% of population with access),SH.STA.ACSN,,,,,,,,,,,,,,,,,,,,,,,,,,,,,,,52.3,54,55.7,57.4,59,60.6,62.2,63.8,65.4,67,68.5,70.1,71.6,73,74.4,75.8,77.2,78.6,80,81.3,82.7,84.1,85.4,86.8,87.8,88.6,
West Bank and Gaza,PSE,Improved sanitation facilities (% of population with access),SH.STA.ACSN,,,,,,,,,,,,,,,,,,,,,,,,,,,,,,,,86.8,86.9,86.9,87,87,87.3,87.7,88,88.3,88.6,88.9,89.2,89.5,89.9,90.2,90.5,90.7,91,91.3,91.6,91.9,92.2,92.3,92.3,92.3,
Pacific island small states,PSS,Improved sanitation facilities (% of population with access),SH.STA.ACSN,,,,,,,,,,,,,,,,,,,,,,,,,,,,,,,60.18054857,61.3480545,59.49560017,60.6071478,61.70388793,62.79369621,63.88218751,65.12468375,66.29896363,67.50186853,59.60846025,60.42215936,61.18526067,61.96684164,62.71745832,63.48816073,64.24005742,65.01823486,65.80540569,66.54073882,67.28701577,68.00251423,68.08242662,67.98838631,67.8384921,67.75797969,
Post-demographic dividend,PST,Improved sanitation facilities (% of population with access),SH.STA.ACSN,,,,,,,,,,,,,,,,,,,,,,,,,,,,,,,98.83152413,98.8501382,98.89905353,98.91719078,98.68488145,98.70638098,98.75382261,98.7759661,98.79650491,98.8209656,98.8464758,98.895373,98.92395087,98.94872294,98.96862935,98.99267689,99.04473427,99.06952273,99.08997113,99.11053219,99.13222949,99.18057487,99.20127202,99.21090054,99.21903098,99.2227938,
French Polynesia,PYF,Improved sanitation facilities (% of population with access),SH.STA.ACSN,,,,,,,,,,,,,,,,,,,,,,,,,,,,,,,97.9,97.9,97.9,97.9,97.9,97.9,97.9,98,98,98,98,98.1,98.1,98.1,98.2,98.2,98.2,98.3,98.3,98.3,98.4,98.4,98.4,98.5,98.5,98.5,
Qatar,QAT,Improved sanitation facilities (% of population with access),SH.STA.ACSN,,,,,,,,,,,,,,,,,,,,,,,,,,,,,,,99.9,99.9,99.9,99.9,99.9,99.9,99.9,99.8,99.6,99.5,99.4,99.3,99.2,99.1,98.9,98.8,98.7,98.6,98.5,98.4,98.3,98.1,98,98,98,98,
Romania,ROU,Improved sanitation facilities (% of population with access),SH.STA.ACSN,,,,,,,,,,,,,,,,,,,,,,,,,,,,,,,70.4,71,71.4,71.7,72,72.3,72.6,72.9,73.2,73.5,73.8,74.1,74.4,74.8,75.2,75.6,75.9,76.3,76.7,77.1,77.5,77.9,78.3,78.6,79,79.1,
Russian Federation,RUS,Improved sanitation facilities (% of population with access),SH.STA.ACSN,,,,,,,,,,,,,,,,,,,,,,,,,,,,,,,72.7,72.7,72.7,72.6,72.6,72.6,72.6,72.5,72.5,72.5,72.5,72.4,72.4,72.4,72.4,72.4,72.3,72.3,72.3,72.3,72.3,72.3,72.2,72.2,72.2,72.2,
Rwanda,RWA,Improved sanitation facilities (% of population with access),SH.STA.ACSN,,,,,,,,,,,,,,,,,,,,,,,,,,,,,,,33.3,34.5,35.9,37.3,38.8,40.2,41.6,43,44.2,45.4,46.6,47.8,48.9,50,51.1,52.2,53.3,54.3,55.3,56.3,57.2,58.2,59.1,60,60.8,61.6,
South Asia,SAS,Improved sanitation facilities (% of population with access),SH.STA.ACSN,,,,,,,,,,,,,,,,,,,,,,,,,,,,,,,19.7533946,20.00570711,20.8602934,21.78261338,22.87479031,23.9579268,24.97042381,26.06291575,27.15482328,28.16196987,29.26627557,30.35794414,31.45005608,32.53089703,33.62398122,34.70475716,35.78648772,36.86679557,37.95120166,39.03768604,40.05105773,41.13101604,42.21569857,43.29816309,44.38002649,44.77061052,
Saudi Arabia,SAU,Improved sanitation facilities (% of population with access),SH.STA.ACSN,,,,,,,,,,,,,,,,,,,,,,,,,,,,,,,91.5,91.5,92.1,92.7,93.3,93.9,94.4,95,95.6,96.2,96.8,97.3,97.9,98.5,99.1,99.7,100,100,100,100,100,100,100,100,100,100,
Sudan,SDN,Improved sanitation facilities (% of population with access),SH.STA.ACSN,,,,,,,,,,,,,,,,,,,,,,,,,,,,,,,26.8,27.2,27.4,27.4,27.2,26.9,26.6,26.4,26,25.7,25.4,25.1,24.8,24.5,24.3,24,23.7,23.4,23.1,22.8,22.5,23.5,23.5,23.6,23.6,,
Senegal,SEN,Improved sanitation facilities (% of population with access),SH.STA.ACSN,,,,,,,,,,,,,,,,,,,,,,,,,,,,,,,35.5,36,36.5,37,37.4,37.9,38.4,38.9,39.3,39.8,40.3,40.7,41.2,41.7,42.1,42.6,43.1,43.6,44.1,44.6,45.1,45.6,46.1,46.6,47.1,47.6,
Singapore,SGP,Improved sanitation facilities (% of population with access),SH.STA.ACSN,,,,,,,,,,,,,,,,,,,,,,,,,,,,,,,99.2,99.2,99.3,99.3,99.4,99.4,99.5,99.5,99.6,99.6,99.7,99.8,99.8,99.9,99.9,100,100,100,100,100,100,100,100,100,100,100,
Solomon Islands,SLB,Improved sanitation facilities (% of population with access),SH.STA.ACSN,,,,,,,,,,,,,,,,,,,,,,,,,,,,,,,,,,,,,,,,,25.5,25.7,26,26.2,26.5,26.8,27.1,27.4,27.7,28,28.3,28.6,28.9,29.2,29.5,29.8,
Sierra Leone,SLE,Improved sanitation facilities (% of population with access),SH.STA.ACSN,,,,,,,,,,,,,,,,,,,,,,,,,,,,,,,10.1,10.2,10.4,10.5,10.6,10.7,10.8,11,11.1,11.2,11.3,11.5,11.6,11.7,11.8,11.9,12.1,12.2,12.3,12.5,12.6,12.7,12.8,13,13.1,13.3,
El Salvador,SLV,Improved sanitation facilities (% of population with access),SH.STA.ACSN,,,,,,,,,,,,,,,,,,,,,,,,,,,,,,,51.1,52.1,53.1,54.3,55.6,56.9,58.1,59.3,60.5,61.5,62.4,63.3,64.2,65.1,65.9,66.8,67.7,68.5,69.4,70.2,71,71.8,72.6,73.4,74.2,75,
San Marino,SMR,Improved sanitation facilities (% of population with access),SH.STA.ACSN,,,,,,,,,,,,,,,,,,,,,,,,,,,,,,,,,,,,,,,,,,,,,,,,,,,,,,,,,
Somalia,SOM,Improved sanitation facilities (% of population with access),SH.STA.ACSN,,,,,,,,,,,,,,,,,,,,,,,,,,,,,,,,,,21.2,21.3,21.4,21.5,21.6,21.7,21.8,21.8,21.9,22,22.1,22.3,22.4,22.6,22.7,22.9,23.1,23.3,23.5,,,,,
Serbia,SRB,Improved sanitation facilities (% of population with access),SH.STA.ACSN,,,,,,,,,,,,,,,,,,,,,,,,,,,,,,,96.8,96.8,96.8,96.9,96.9,96.9,96.9,96.9,96.9,96.9,96.9,96.9,96.8,96.8,96.8,96.7,96.7,96.7,96.6,96.6,96.6,96.5,96.5,96.5,96.5,96.4,
Sub-Saharan Africa (excluding high income),SSA,Improved sanitation facilities (% of population with access),SH.STA.ACSN,,,,,,,,,,,,,,,,,,,,,,,,,,,,,,,23.7449378,23.7777856,23.85048658,23.88757675,23.98627125,24.10641835,24.24829608,24.50323304,24.78521406,25.09385934,25.39519687,25.68116956,25.9445755,26.22224443,26.50512807,26.77368149,27.07075224,27.34523766,27.64703249,27.93255293,28.2429275,28.34804868,28.71382568,29.02322579,29.27523253,29.74150244,
South Sudan,SSD,Improved sanitation facilities (% of population with access),SH.STA.ACSN,,,,,,,,,,,,,,,,,,,,,,,,,,,,,,,,,,,,,,,,,,,,,,,,,,,,6.6,6.6,6.7,6.7,6.7,
Sub-Saharan Africa,SSF,Improved sanitation facilities (% of population with access),SH.STA.ACSN,,,,,,,,,,,,,,,,,,,,,,,,,,,,,,,23.75567539,23.7883247,23.86081852,23.8976401,23.99609184,24.11613595,24.25787622,24.51259419,24.79447469,25.10301759,25.4041568,25.68986826,25.95327925,26.23059903,26.51320312,26.78155265,27.07853952,27.35282682,27.65455347,27.93987141,28.25021919,28.35486987,28.72056686,29.02987463,29.28178747,29.74821681,
Small states,SST,Improved sanitation facilities (% of population with access),SH.STA.ACSN,,,,,,,,,,,,,,,,,,,,,,,,,,,,,,,70.32433411,70.48478144,69.08572662,69.21255315,62.34134458,61.70887875,61.82872926,62.001713,62.79052988,63.05349638,62.81397007,63.084475,63.35141297,63.64111498,63.96639399,64.37137539,64.83546104,65.33820207,65.75035077,66.19163311,66.58647488,66.87399036,67.00083343,67.1243731,67.14694621,67.09643376,
Sao Tome and Principe,STP,Improved sanitation facilities (% of population with access),SH.STA.ACSN,,,,,,,,,,,,,,,,,,,,,,,,,,,,,,,,,,,18.1,18.2,18.3,18.4,18.6,19.7,20.9,22.1,23.3,24.5,25.7,26.9,28.1,29.4,30.6,31.8,33,34.3,34.4,34.5,34.6,34.7,
Suriname,SUR,Improved sanitation facilities (% of population with access),SH.STA.ACSN,,,,,,,,,,,,,,,,,,,,,,,,,,,,,,,,,,,81.1,81.1,81.1,81.1,81.2,81,80.9,80.8,80.7,80.6,80.5,80.3,80.2,80,79.9,79.7,79.6,79.4,79.3,79.2,79.2,79.2,
Slovak Republic,SVK,Improved sanitation facilities (% of population with access),SH.STA.ACSN,,,,,,,,,,,,,,,,,,,,,,,,,,,,,,,98.9,98.9,98.9,98.9,98.9,98.9,98.9,98.9,98.9,98.9,98.9,98.9,98.9,98.9,98.9,98.9,98.8,98.8,98.8,98.8,98.8,98.8,98.8,98.8,98.8,98.8,
Slovenia,SVN,Improved sanitation facilities (% of population with access),SH.STA.ACSN,,,,,,,,,,,,,,,,,,,,,,,,,,,,,,,99.1,99.1,99.1,99.1,99.1,99.1,99.1,99.1,99.1,99.1,99.1,99.1,99.1,99.1,99.1,99.1,99.1,99.1,99.1,99.1,99.1,99.1,99.1,99.1,99.1,99.1,
Sweden,SWE,Improved sanitation facilities (% of population with access),SH.STA.ACSN,,,,,,,,,,,,,,,,,,,,,,,,,,,,,,,99.3,99.3,99.3,99.3,99.3,99.3,99.3,99.3,99.3,99.3,99.3,99.3,99.3,99.3,99.3,99.3,99.3,99.3,99.3,99.3,99.3,99.3,99.3,99.3,99.3,99.3,
Swaziland,SWZ,Improved sanitation facilities (% of population with access),SH.STA.ACSN,,,,,,,,,,,,,,,,,,,,,,,,,,,,,,,48.5,48.5,48.5,48.5,49,49.5,50,50.4,50.9,51.4,51.8,52.3,52.7,53.2,53.7,54.1,54.6,55.1,55.6,56,56.5,57,57.5,57.5,57.5,57.5,
Sint Maarten (Dutch part),SXM,Improved sanitation facilities (% of population with access),SH.STA.ACSN,,,,,,,,,,,,,,,,,,,,,,,,,,,,,,,,,,,,,,,,,,,,,,,,,,,,,,,,,
Seychelles,SYC,Improved sanitation facilities (% of population with access),SH.STA.ACSN,,,,,,,,,,,,,,,,,,,,,,,,,,,,,,,98.4,98.4,98.4,98.4,98.4,98.4,98.4,98.4,98.4,98.4,98.4,98.4,98.4,98.4,98.4,98.4,98.4,98.4,98.4,98.4,98.4,98.4,98.4,98.4,98.4,98.4,
Syrian Arab Republic,SYR,Improved sanitation facilities (% of population with access),SH.STA.ACSN,,,,,,,,,,,,,,,,,,,,,,,,,,,,,,,84.5,84.6,84.6,84.7,84.7,85.4,86,86.7,87.4,88,88.6,89.3,89.9,90.5,91.1,91.7,92.3,92.9,93.5,94,94.6,95.2,95.7,95.7,95.7,95.7,
Turks and Caicos Islands,TCA,Improved sanitation facilities (% of population with access),SH.STA.ACSN,,,,,,,,,,,,,,,,,,,,,,,,,,,,,,,,,,,,81.4,81.4,81.4,81.4,81.4,81.4,81.4,81.4,81.4,81.4,81.4,81.4,81.4,,,,,,,,,
Chad,TCD,Improved sanitation facilities (% of population with access),SH.STA.ACSN,,,,,,,,,,,,,,,,,,,,,,,,,,,,,,,7.8,8,8.2,8.4,8.6,8.8,9,9.2,9.4,9.5,9.7,9.9,10.1,10.3,10.5,10.7,10.8,11,11.2,11.4,11.6,11.8,12,12,12,12.1,
East Asia & Pacific (IDA & IBRD countries),TEA,Improved sanitation facilities (% of population with access),SH.STA.ACSN,,,,,,,,,,,,,,,,,,,,,,,,,,,,,,,47.5335981,48.74071231,49.84859529,50.88923569,51.85411233,52.95600477,54.05222287,55.14579351,56.30848165,57.41025454,58.50028757,59.64745639,60.80269874,61.94677401,63.14939601,64.27663928,65.40068653,66.44487283,67.56083333,68.65859786,69.76324189,70.78818039,71.88155119,72.86536551,73.91295857,74.80281923,
Europe & Central Asia (IDA & IBRD countries),TEC,Improved sanitation facilities (% of population with access),SH.STA.ACSN,,,,,,,,,,,,,,,,,,,,,,,,,,,,,,,79.13074525,79.24067697,79.4230265,79.68292767,81.40115823,81.5560178,82.18368177,82.31194417,82.47676382,82.68367838,82.93046235,83.18881065,83.49036043,83.81861349,84.11672886,84.43663449,84.71775255,85.30414151,85.53949958,85.793539,86.04940826,86.28725624,86.49441416,86.72322419,86.95664839,87.09074504,
Togo,TGO,Improved sanitation facilities (% of population with access),SH.STA.ACSN,,,,,,,,,,,,,,,,,,,,,,,,,,,,,,,11.6,11.6,11.5,11.5,11.5,11.5,11.5,11.4,11.4,11.4,11.4,11.4,11.4,11.4,11.4,11.4,11.4,11.4,11.5,11.5,11.5,11.5,11.5,11.6,11.6,11.6,
Thailand,THA,Improved sanitation facilities (% of population with access),SH.STA.ACSN,,,,,,,,,,,,,,,,,,,,,,,,,,,,,,,86.9,87.3,87.8,88.2,88.7,89.1,89.6,90,90.5,90.9,91.3,91.7,92.1,92.5,92.8,93.2,93.5,93.5,93.5,93.4,93.3,93.3,93.2,93.1,93,93,
Tajikistan,TJK,Improved sanitation facilities (% of population with access),SH.STA.ACSN,,,,,,,,,,,,,,,,,,,,,,,,,,,,,,,,,,89.5,89.5,89.5,89.5,89.5,89.8,90.1,90.4,90.7,91.1,91.4,91.7,92.1,92.4,92.7,93,93.4,93.7,94,94.4,94.7,95,95,
Turkmenistan,TKM,Improved sanitation facilities (% of population with access),SH.STA.ACSN,,,,,,,,,,,,,,,,,,,,,,,,,,,,,,,,,,,62,62,62.1,62.1,62.2,62.3,62.3,62.4,62.4,62.5,62.6,62.6,62.7,,,,,,,,,,
Latin America & the Caribbean (IDA & IBRD countries),TLA,Improved sanitation facilities (% of population with access),SH.STA.ACSN,,,,,,,,,,,,,,,,,,,,,,,,,,,,,,,66.62285463,67.43747557,68.19547245,68.97454662,69.7885787,70.54651754,71.24956576,72.02064717,72.71532115,73.451084,74.17842791,74.82661558,75.47836898,76.1346436,76.75768864,77.40113272,77.9998155,78.62335869,79.25399006,79.83426473,80.44304075,81.05536356,81.62265833,82.18104188,82.71316291,82.86273767,
Timor-Leste,TLS,Improved sanitation facilities (% of population with access),SH.STA.ACSN,,,,,,,,,,,,,,,,,,,,,,,,,,,,,,,,,,,,37.1,37.1,37.2,37.3,37.3,37.4,37.4,37.5,37.6,37.7,37.8,38,38.3,38.5,38.8,39.1,39.5,39.8,40.1,40.4,40.6,
Middle East & North Africa (IDA & IBRD countries),TMN,Improved sanitation facilities (% of population with access),SH.STA.ACSN,,,,,,,,,,,,,,,,,,,,,,,,,,,,,,,69.76540149,70.50549414,71.02525885,71.57494633,72.39880281,73.20113008,74.03942161,74.97728202,75.94356593,76.81401486,77.68849268,78.60446874,79.42760643,80.28948306,81.15657211,82.04554571,82.90865639,83.74911286,84.62143239,85.36400267,85.91508267,86.28930273,86.57771466,89.47782613,89.5162509,89.56281205,
Tonga,TON,Improved sanitation facilities (% of population with access),SH.STA.ACSN,,,,,,,,,,,,,,,,,,,,,,,,,,,,,,,94.4,94.2,94.1,94,93.8,93.7,93.5,93.4,93.2,93.1,93,92.8,92.7,92.5,92.4,92.3,92.1,92,91.8,91.7,91.6,91.4,91.3,91.1,91,91,
South Asia (IDA & IBRD),TSA,Improved sanitation facilities (% of population with access),SH.STA.ACSN,,,,,,,,,,,,,,,,,,,,,,,,,,,,,,,19.7533946,20.00570711,20.8602934,21.78261338,22.87479031,23.9579268,24.97042381,26.06291575,27.15482328,28.16196987,29.26627557,30.35794414,31.45005608,32.53089703,33.62398122,34.70475716,35.78648772,36.86679557,37.95120166,39.03768604,40.05105773,41.13101604,42.21569857,43.29816309,44.38002649,44.77061052,
Sub-Saharan Africa (IDA & IBRD countries),TSS,Improved sanitation facilities (% of population with access),SH.STA.ACSN,,,,,,,,,,,,,,,,,,,,,,,,,,,,,,,23.75567539,23.7883247,23.86081852,23.8976401,23.99609184,24.11613595,24.25787622,24.51259419,24.79447469,25.10301759,25.4041568,25.68986826,25.95327925,26.23059903,26.51320312,26.78155265,27.07853952,27.35282682,27.65455347,27.93987141,28.25021919,28.35486987,28.72056686,29.02987463,29.28178747,29.74821681,
Trinidad and Tobago,TTO,Improved sanitation facilities (% of population with access),SH.STA.ACSN,,,,,,,,,,,,,,,,,,,,,,,,,,,,,,,89.9,90,90.1,90.2,90.2,90.3,90.4,90.5,90.5,90.6,90.7,90.8,90.8,90.9,91,91.1,91.1,91.2,91.3,91.4,91.4,91.5,91.5,91.5,91.5,91.5,
Tunisia,TUN,Improved sanitation facilities (% of population with access),SH.STA.ACSN,,,,,,,,,,,,,,,,,,,,,,,,,,,,,,,72.6,73.7,74.8,75.9,76.9,77.8,78.6,79.4,80.3,81.1,81.9,82.7,83.4,84.2,85,85.6,86.3,87,87.7,88.3,89,89.6,90.3,90.9,91.6,91.6,
Turkey,TUR,Improved sanitation facilities (% of population with access),SH.STA.ACSN,,,,,,,,,,,,,,,,,,,,,,,,,,,,,,,82.9,83.2,83.8,84.3,84.9,85.5,86,86.6,87.1,87.6,88.1,88.6,89.1,89.7,90.1,90.6,91.1,91.6,92,92.5,92.9,93.3,93.7,94.1,94.5,94.9,
Tuvalu,TUV,Improved sanitation facilities (% of population with access),SH.STA.ACSN,,,,,,,,,,,,,,,,,,,,,,,,,,,,,,,73.1,73.6,74.2,74.7,75.2,75.7,76.3,76.8,77.3,77.9,78.4,78.9,79.5,80,80.5,81.1,81.6,82.1,82.7,83.2,83.2,83.3,83.3,83.3,,,
Tanzania,TZA,Improved sanitation facilities (% of population with access),SH.STA.ACSN,,,,,,,,,,,,,,,,,,,,,,,,,,,,,,,6.5,6.8,7,7.3,7.5,7.8,8.1,8.4,8.7,9,9.3,9.6,9.9,10.2,10.6,11,11.4,11.8,12.2,12.6,13.1,13.6,14,14.5,15,15.6,
Uganda,UGA,Improved sanitation facilities (% of population with access),SH.STA.ACSN,,,,,,,,,,,,,,,,,,,,,,,,,,,,,,,13.2,13.5,13.7,13.9,14.2,14.4,14.6,14.9,15.1,15.3,15.6,15.8,16,16.3,16.5,16.8,17,17.3,17.5,17.8,18,18.3,18.5,18.8,19,19.1,
Ukraine,UKR,Improved sanitation facilities (% of population with access),SH.STA.ACSN,,,,,,,,,,,,,,,,,,,,,,,,,,,,,,,,,,,94.5,94.5,94.5,94.5,94.5,94.6,94.7,94.7,94.8,94.9,95,95.1,95.2,95.3,95.4,95.5,95.6,95.7,95.8,95.8,95.9,95.9,
Upper middle income,UMC,Improved sanitation facilities (% of population with access),SH.STA.ACSN,,,,,,,,,,,,,,,,,,,,,,,,,,,,,,,58.49509445,59.41502828,60.27451808,61.07901451,61.99402447,62.88273233,63.71696599,64.56474095,65.49054346,66.34889664,67.22699809,68.11698362,69.01428108,69.92263605,70.86558439,71.76539803,72.64516178,73.49064989,74.37296439,75.24473022,76.12147783,76.93575851,77.77396027,78.55937615,79.36233315,80.02710516,
Uruguay,URY,Improved sanitation facilities (% of population with access),SH.STA.ACSN,,,,,,,,,,,,,,,,,,,,,,,,,,,,,,,92,92,92,92.1,92.1,92.3,92.6,92.8,93,93.2,93.5,93.7,93.9,94.1,94.3,94.5,94.7,94.9,95.1,95.3,95.5,95.7,95.9,96.1,96.3,96.4,
United States,USA,Improved sanitation facilities (% of population with access),SH.STA.ACSN,,,,,,,,,,,,,,,,,,,,,,,,,,,,,,,99.5,99.5,99.6,99.6,99.6,99.6,99.7,99.7,99.7,99.7,99.7,99.8,99.8,99.8,99.8,99.8,99.9,99.9,99.9,99.9,99.9,100,100,100,100,100,
Uzbekistan,UZB,Improved sanitation facilities (% of population with access),SH.STA.ACSN,,,,,,,,,,,,,,,,,,,,,,,,,,,,,,,83.7,83.7,83.6,83.5,83.4,84.6,85.9,87.1,88.4,89.6,90.9,92.2,93.4,94.7,96,97.3,98.6,99.9,100,100,100,100,100,100,100,100,
St. Vincent and the Grenadines,VCT,Improved sanitation facilities (% of population with access),SH.STA.ACSN,,,,,,,,,,,,,,,,,,,,,,,,,,,,,,,63.2,64.2,65.2,66.2,67.2,68.2,69.2,70.2,71.2,72.2,73.2,74.2,75.1,76.1,76.1,76.1,76.1,76.1,,,,,,,,,
"Venezuela, RB",VEN,Improved sanitation facilities (% of population with access),SH.STA.ACSN,,,,,,,,,,,,,,,,,,,,,,,,,,,,,,,82.1,82.8,83.4,84.1,84.7,85.3,85.9,86.5,87.1,87.7,88.3,88.8,89.3,89.8,90.3,90.7,91.2,91.7,92.1,92.6,93,93.5,94,94.4,94.4,94.4,
British Virgin Islands,VGB,Improved sanitation facilities (% of population with access),SH.STA.ACSN,,,,,,,,,,,,,,,,,,,,,,,,,,,,,,,97.5,97.5,97.5,97.5,97.5,97.5,97.5,97.5,97.5,97.5,97.5,97.5,97.5,97.5,97.5,97.5,97.5,97.5,97.5,97.5,97.5,97.5,97.5,97.5,97.5,97.5,
Virgin Islands (U.S.),VIR,Improved sanitation facilities (% of population with access),SH.STA.ACSN,,,,,,,,,,,,,,,,,,,,,,,,,,,,,,,96.4,96.4,96.4,96.4,96.4,96.4,96.4,96.4,96.4,96.4,96.4,96.4,96.4,96.4,96.4,96.4,96.4,96.4,96.4,96.4,96.4,96.4,96.4,96.4,96.4,96.4,
Vietnam,VNM,Improved sanitation facilities (% of population with access),SH.STA.ACSN,,,,,,,,,,,,,,,,,,,,,,,,,,,,,,,36.2,37.9,39.6,41.2,42.9,44.6,46.2,47.9,49.5,51.2,52.9,54.6,56.3,58,59.7,61.4,63,64.7,66.4,68.1,69.7,71.4,73.1,74.7,76.3,78,
Vanuatu,VUT,Improved sanitation facilities (% of population with access),SH.STA.ACSN,,,,,,,,,,,,,,,,,,,,,,,,,,,,,,,,,35.4,35.5,35.5,35.6,35.7,37.2,38.7,40.2,41.7,43.1,44.6,46.1,47.6,49.1,50.5,52,53.5,54.9,56.4,57.8,57.9,57.9,57.9,57.9,
World,WLD,Improved sanitation facilities (% of population with access),SH.STA.ACSN,,,,,,,,,,,,,,,,,,,,,,,,,,,,,,,52.8989804,53.23965678,53.7478859,54.23071695,55.13188192,55.6920283,56.43528203,57.00696088,57.61867539,58.1895379,58.79171171,59.4019469,60.01038374,60.62096006,61.25084308,61.86196612,62.47583606,63.0658923,63.68018347,64.2755814,64.84798578,65.32376401,65.92990484,66.50543043,67.01960593,67.5271816,
Samoa,WSM,Improved sanitation facilities (% of population with access),SH.STA.ACSN,,,,,,,,,,,,,,,,,,,,,,,,,,,,,,,92.7,92.7,92.6,92.6,92.5,92.5,92.4,92.4,92.3,92.3,92.2,92.2,92.1,92.1,92,92,91.9,91.8,91.8,91.7,91.7,91.6,91.6,91.5,91.5,91.5,
Kosovo,XKX,Improved sanitation facilities (% of population with access),SH.STA.ACSN,,,,,,,,,,,,,,,,,,,,,,,,,,,,,,,,,,,,,,,,,,,,,,,,,,,,,,,,,
"Yemen, Rep.",YEM,Improved sanitation facilities (% of population with access),SH.STA.ACSN,,,,,,,,,,,,,,,,,,,,,,,,,,,,,,,23.7,25.3,26.9,28.5,30.1,31.6,33.2,34.7,36.3,37.8,39.4,41,42.5,44.1,45.7,47.3,48.8,50.4,52,52.3,52.7,53,53.3,,,,
South Africa,ZAF,Improved sanitation facilities (% of population with access),SH.STA.ACSN,,,,,,,,,,,,,,,,,,,,,,,,,,,,,,,51.4,51.5,51.6,52.3,53.1,53.8,54.5,55.1,55.8,56.5,57.2,57.8,58.5,59.2,59.8,60.4,61.1,61.7,62.3,62.9,63.5,64.1,64.7,65.3,65.8,66.4,
Zambia,ZMB,Improved sanitation facilities (% of population with access),SH.STA.ACSN,,,,,,,,,,,,,,,,,,,,,,,,,,,,,,,40.6,40.6,40.5,40.5,40.5,40.5,40.5,40.5,40.5,40.5,40.6,40.7,41,41.2,41.5,41.7,41.9,42.2,42.4,42.6,42.8,43,43.2,43.5,43.7,43.9,
Zimbabwe,ZWE,Improved sanitation facilities (% of population with access),SH.STA.ACSN,,,,,,,,,,,,,,,,,,,,,,,,,,,,,,,39.9,39.9,39.8,39.8,39.7,39.6,39.5,39.5,39.4,39.3,39.2,39.2,39.1,38.9,38.8,38.6,38.4,38.2,38.1,37.9,37.7,37.5,37.3,37.2,37,36.8,
